GP_CD,SYS_SUPP
C82055,TPP
C84014,TPP
C84039,TPP
E82626,TPP
E85750,EMIS
F81096,TPP
F86032,EMIS
H85023,EMIS
H85637,EMIS
J82124,EMIS
K81062,EMIS
K81069,EMIS
K82006,EMIS
K83614,TPP
K84072,EMIS
M85139,TPP
M88035,TPP
M88633,TPP
M92001,EMIS
N81100,EMIS
N85017,EMIS
P81046,EMIS
P81130,EMIS
P87020,EMIS
P87026,EMIS
P88632,EMIS
Y00486,TPP
Y00522,TPP
Y02177,TPP
P81668,EMIS
A81023,TPP
A81630,TPP
A83001,TPP
B81012,TPP
B82622,TPP
B83015,TPP
C82063,TPP
C84676,TPP
E87010,TPP
F81031,TPP
G85690,EMIS
G85019,EMIS
G85030,EMIS
H81672,EMIS
H85065,EMIS
H85649,EMIS
K83026,TPP
L83021,TPP
M84040,EMIS
M85134,EMIS
N83005,EMIS
P87022,EMIS
A81039,TPP
B85004,TPP
C86002,EMIS
D82056,TPP
D82088,TPP
E81009,TPP
E82075,TPP
F81068,TPP
G82600,EMIS
G83633,EMIS
K81608,EMIS
L81059,TPP
L81106,EMIS
M81025,EMIS
M83025,EMIS
N81034,EMIS
P86006,EMIS
Y00589,TPP
A83021,TPP
A86004,TPP
B82027,TPP
B83033,TPP
C83653,EMIS
C84144,TPP
C87020,TPP
D81013,TPP
D83011,TPP
E84021,EMIS
E85119,TPP
E86010,EMIS
F83043,EMIS
F84731,EMIS
G82039,EMIS
G83680,EMIS
G84027,EMIS
H85011,EMIS
H85070,EMIS
K81100,CEGEDIM
K83048,TPP
K83069,EMIS
L81055,EMIS
L81101,TPP
L82026,EMIS
L82052,TPP
M89012,TPP
N82046,EMIS
N85018,EMIS
N85057,EMIS
P92607,TPP
Y02757,EMIS
B84006,TPP
C81016,EMIS
C82060,TPP
C82121,TPP
C84047,TPP
E85743,TPP
G82790,EMIS
F81700,TPP
F84105,EMIS
G82802,EMIS
H83052,EMIS
H84061,EMIS
H85103,EMIS
K83002,TPP
L82050,EMIS
L83072,EMIS
M81017,EMIS
M85117,TPP
M85716,EMIS
M88610,TPP
N81069,EMIS
N81072,EMIS
N85019,EMIS
N85028,EMIS
A85616,EMIS
A86038,TPP
B83020,TPP
B85059,TPP
B86011,TPP
B86086,EMIS
C84004,TPP
D82060,TPP
D83015,TPP
D83050,TPP
D83060,EMIS
E82129,EMIS
E85683,TPP
E85714,TPP
F82039,EMIS
F85007,EMIS
G82762,EMIS
H81045,EMIS
J83022,TPP
J83036,TPP
J83064,TPP
K84050,EMIS
L83092,TPP
L84037,TPP
M87008,EMIS
N84621,EMIS
Y02526,TPP
Y02578,EMIS
Y02787,TPP
Y03035,EMIS
B87019,TPP
C82109,EMIS
C86019,EMIS
D81014,TPP
D82031,TPP
E82092,TPP
E82655,EMIS
E87005,TPP
F81675,TPP
F82025,EMIS
F85678,EMIS
G82150,EMIS
G82696,EMIS
J82103,EMIS
K83618,TPP
K84048,EMIS
M81058,EMIS
N81114,TPP
N85037,EMIS
P81055,EMIS
P82021,EMIS
P92026,EMIS
N81121,EMIS
A82007,EMIS
A84031,TPP
A88014,EMIS
A88025,EMIS
A89008,EMIS
B81065,TPP
B85622,TPP
E84637,EMIS
G85132,EMIS
H81006,EMIS
F81206,TPP
F84030,EMIS
F84044,EMIS
F84601,EMIS
G84607,EMIS
G85724,EMIS
H81073,EMIS
K81081,EMIS
K82064,TPP
L84010,TPP
L84050,TPP
L84070,TPP
L85014,EMIS
M81067,EMIS
P92633,EMIS
E83613,EMIS
A81634,TPP
A86020,TPP
B81097,TPP
B81663,TPP
B84016,TPP
C82013,TPP
C82067,TPP
C82643,TPP
C84131,TPP
C88014,EMIS
C88030,EMIS
D81052,TPP
D83051,TPP
E81002,TPP
E81057,TPP
E84663,EMIS
E87069,TPP
F81681,TPP
F84079,EMIS
F85008,EMIS
H81078,EMIS
H82032,TPP
H83010,EMIS
K82065,TPP
L81020,TPP
L84022,TPP
L84071,TPP
L85046,EMIS
M85116,EMIS
M85171,TPP
N84004,EMIS
Y00293,TPP
A83031,TPP
C83026,TPP
C83030,TPP
F81029,TPP
H82040,EMIS
F83042,EMIS
F86708,EMIS
G83013,EMIS
G85061,EMIS
G85083,EMIS
G85662,EMIS
H81031,EMIS
H82092,TPP
H84017,EMIS
J81006,TPP
J82157,EMIS
L81068,TPP
L84054,TPP
M81019,EMIS
M82033,EMIS
M83738,EMIS
M85172,TPP
N81088,EMIS
N85634,EMIS
P85018,EMIS
P87651,EMIS
Y02987,EMIS
Y04965,EMIS
A86031,EMIS
B81091,EMIS
B86101,TPP
C81008,TPP
C81055,TPP
C81065,EMIS
C81108,TPP
C84057,TPP
C84150,TPP
D81058,EMIS
E83031,EMIS
F84719,EMIS
F86028,EMIS
F86664,EMIS
F86707,EMIS
G82064,EMIS
H81011,EMIS
H82011,TPP
H84010,EMIS
K81060,EMIS
K81086,EMIS
K82019,EMIS
M81605,EMIS
M83624,EMIS
N83041,EMIS
P85010,EMIS
P91019,EMIS
Y03049,EMIS
A81041,TPP
A83035,TPP
A83071,TPP
B81074,TPP
B81085,TPP
B81648,TPP
B86022,TPP
C84646,TPP
E82013,TPP
E84701,EMIS
E85021,TPP
E85040,TPP
E85052,TPP
E85734,TPP
E87043,TPP
E87722,TPP
G81086,TPP
G84032,EMIS
G85127,EMIS
H82048,TPP
L81085,EMIS
L83079,TPP
L83137,TPP
M83138,EMIS
N82070,EMIS
N82101,EMIS
P81129,EMIS
P88043,EMIS
A86011,TPP
C81074,EMIS
C83010,TPP
C84001,TPP
C87022,TPP
D81066,TPP
F81101,TPP
F81177,TPP
H81643,EMIS
H84030,EMIS
J82005,EMIS
J82066,EMIS
J82115,TPP
J83003,TPP
K82009,TPP
K82621,EMIS
K84031,EMIS
L83007,TPP
M83071,EMIS
M85164,EMIS
M85676,EMIS
N85059,EMIS
P81118,EMIS
P82031,EMIS
P84046,EMIS
P88023,EMIS
P92033,EMIS
Y02627,EMIS
A84022,TPP
B83626,TPP
B83653,TPP
B85001,TPP
B86089,TPP
B87007,TPP
C88015,TPP
E81031,TPP
E81032,TPP
G82087,EMIS
F82663,EMIS
G81021,TPP
G82044,EMIS
H85028,EMIS
K84032,EMIS
K84036,EMIS
M85037,EMIS
M86034,EMIS
M91017,EMIS
P81136,EMIS
Y02274,EMIS
Y05364,TPP
B82059,TPP
C81033,TPP
C82114,TPP
C83085,TPP
C84012,TPP
E82002,EMIS
E84678,EMIS
E85062,TPP
E87609,TPP
E87772,TPP
F81683,TPP
F84034,EMIS
G81074,EMIS
G82021,EMIS
H81057,EMIS
H82615,TPP
J82006,EMIS
L83018,TPP
L83616,TPP
M84004,EMIS
M85011,TPP
M85023,EMIS
M85797,EMIS
N81071,EMIS
Y02886,EMIS
B82005,TPP
C81005,TPP
E81035,TPP
E81064,TPP
H81009,EMIS
H81035,EMIS
G81028,TPP
G82235,EMIS
G84029,EMIS
H82035,TPP
H83042,EMIS
H85101,EMIS
J82218,EMIS
M81077,EMIS
M83051,EMIS
N81109,TPP
Y02669,TPP
A81002,TPP
A81038,TPP
B84005,TPP
B85005,EMIS
C81001,TPP
C81095,TPP
E81025,TPP
E86041,EMIS
G82700,EMIS
G85040,EMIS
H85686,EMIS
K81051,EMIS
L83088,EMIS
M81007,EMIS
M81016,EMIS
N84015,EMIS
P81218,EMIS
P81681,EMIS
P86614,EMIS
P88020,EMIS
A81012,TPP
A81064,TPP
B82024,TPP
B83642,TPP
B87005,TPP
C81020,TPP
C81036,TPP
C82048,TPP
E84020,EMIS
E85015,TPP
F81047,TPP
G82185,EMIS
G82648,EMIS
F83664,EMIS
G84008,EMIS
J81039,TPP
J82075,TPP
L82010,EMIS
M81062,EMIS
M81092,EMIS
M84028,EMIS
N81001,EMIS
P81113,EMIS
P82629,CEGEDIM
P87040,EMIS
Y02319,EMIS
Y02928,EMIS
Y03124,TPP
A83030,TPP
A89011,EMIS
A89034,EMIS
B82036,TPP
B83058,TPP
C83634,TPP
C85022,EMIS
D83007,TPP
E84042,EMIS
E85114,TPP
E87756,TPP
G85136,EMIS
F82008,EMIS
G81104,EMIS
G83031,EMIS
J82098,EMIS
L83006,TPP
M85141,TPP
M85733,EMIS
N83049,EMIS
P81685,EMIS
P87661,EMIS
A87012,TPP
A88016,EMIS
A89006,EMIS
B86069,EMIS
C82660,TPP
C85623,EMIS
E82067,TPP
E85111,TPP
F83010,EMIS
F81133,TPP
F81223,TPP
F81651,TPP
F83012,EMIS
F84696,EMIS
H82089,TPP
K81025,EMIS
K82029,EMIS
L82058,EMIS
M83001,EMIS
M91611,EMIS
M92629,EMIS
P81037,EMIS
Y01281,EMIS
Y03366,TPP
M87001,EMIS
N82003,EMIS
N82648,EMIS
N83008,EMIS
N84034,EMIS
P84005,EMIS
P84061,EMIS
P87028,EMIS
P88044,EMIS
P89008,EMIS
A81025,TPP
A87011,TPP
B81068,TPP
C81634,EMIS
C88044,TPP
D81004,EMIS
D81029,TPP
E85605,TPP
E87681,TPP
F84124,EMIS
F84621,EMIS
G82082,EMIS
H82055,TPP
J82625,EMIS
J83057,TPP
J84003,TPP
K81043,EMIS
K84079,EMIS
L84016,TPP
L85030,EMIS
M85778,EMIS
N82110,EMIS
P89004,EMIS
P92031,TPP
Y02002,TPP
B81617,TPP
B83031,TPP
C82050,TPP
D83043,TPP
E81036,TPP
E82006,TPP
E82022,EMIS
E85624,TPP
F81085,TPP
G82137,EMIS
G82641,EMIS
K82061,EMIS
K84009,EMIS
N81065,TPP
P81171,EMIS
P84611,EMIS
A81051,TPP
A89004,EMIS
A89007,EMIS
B83032,TPP
C83035,TPP
D82084,TPP
E87750,TPP
F81012,EMIS
F86658,EMIS
G81042,TPP
G82002,EMIS
K81017,EMIS
K82633,TPP
N84017,EMIS
P81005,EMIS
P81079,EMIS
P81127,EMIS
P81197,EMIS
P81699,EMIS
P83623,EMIS
P85012,EMIS
P88025,EMIS
Y01068,EMIS
Y02795,EMIS
Y03135,EMIS
Y03402,EMIS
A82026,EMIS
A84029,TPP
B81042,TPP
B84001,TPP
C81106,EMIS
E82060,EMIS
G82094,EMIS
J83033,EMIS
L81644,TPP
L85062,EMIS
M84621,EMIS
M86046,EMIS
N82076,EMIS
B81031,EMIS
B81036,EMIS
B83627,TPP
C84107,TPP
C86011,TPP
F81081,TPP
F83660,EMIS
F84053,EMIS
G82186,EMIS
G85642,EMIS
H82030,TPP
H82034,TPP
H83624,EMIS
J81020,TPP
K83077,TPP
L83049,EMIS
L83102,EMIS
L85012,EMIS
P81081,EMIS
P92029,TPP
Y02893,EMIS
Y03671,TPP
Y04225,TPP
C81017,TPP
C81096,TPP
C84120,TPP
C88627,EMIS
D83006,TPP
E84007,EMIS
E84057,EMIS
G82055,EMIS
F86621,EMIS
H85653,EMIS
L83097,EMIS
L85003,EMIS
M81022,EMIS
M85030,EMIS
N81626,EMIS
P89016,EMIS
Y02510,EMIS
Y03441,TPP
A89026,EMIS
B84003,EMIS
C83055,TPP
C86016,TPP
D81028,EMIS
E82056,TPP
E83005,EMIS
E83007,EMIS
E84013,EMIS
E85721,TPP
H81032,EMIS
H85032,EMIS
H85049,EMIS
J82035,EMIS
K81007,EMIS
K82014,EMIS
M81083,EMIS
M83074,EMIS
M84005,EMIS
N85052,EMIS
P81196,EMIS
P83025,EMIS
P85614,EMIS
Y02936,EMIS
Y03052,TPP
A82003,EMIS
D82002,TPP
E82640,EMIS
E85098,TPP
E86612,EMIS
E87004,TPP
F81737,TPP
F83055,EMIS
F83635,EMIS
F86018,TPP
G84019,EMIS
G85721,EMIS
L81087,EMIS
L81091,EMIS
L83014,EMIS
M82620,EMIS
M85711,EMIS
M88646,EMIS
P82016,EMIS
Y00507,TPP
A81066,TPP
B81063,EMIS
B83017,TPP
B83657,TPP
C81031,TPP
C81060,TPP
C82062,TPP
C87031,TPP
D81023,TPP
D81086,TPP
D83021,TPP
E82004,EMIS
E83011,EMIS
F81049,TPP
F81645,TPP
F81730,TPP
F82621,EMIS
G85011,EMIS
F86085,EMIS
F86612,EMIS
G82711,EMIS
G84002,EMIS
H84639,EMIS
J82081,TPP
J82155,TPP
J82180,EMIS
J83008,TPP
L81072,TPP
L84617,TPP
L85016,EMIS
M81069,EMIS
M87030,EMIS
N84027,EMIS
P81035,EMIS
P81078,EMIS
P81687,EMIS
P92010,TPP
Y00184,TPP
Y00912,EMIS
A85012,EMIS
A87022,TPP
B81022,TPP
B81109,TPP
B83064,TPP
B86666,TPP
C81002,TPP
C82653,TPP
C83054,EMIS
D82059,TPP
E85006,TPP
E86027,EMIS
F85020,EMIS
F86701,EMIS
H81053,EMIS
H84002,CEGEDIM
K82035,EMIS
M83717,EMIS
M89021,TPP
N82062,EMIS
N84630,EMIS
P81045,EMIS
Y01795,EMIS
Y02867,EMIS
A81007,TPP
B86070,TPP
C83040,TPP
C83064,TPP
C87018,TPP
D82628,TPP
E83044,EMIS
F81751,CEGEDIM
F82638,EMIS
F85628,EMIS
G82095,EMIS
G83046,EMIS
G84017,EMIS
H81048,TPP
J83030,TPP
L81021,EMIS
L81642,EMIS
L82030,TPP
L82041,EMIS
M84050,EMIS
N82022,EMIS
P92034,TPP
P92042,EMIS
A83048,TPP
B81113,TPP
B82061,EMIS
C81089,TPP
C82072,TPP
C84117,EMIS
C88656,TPP
D82009,TPP
E85016,TPP
F81116,EMIS
F84021,EMIS
G82099,EMIS
H81003,EMIS
H84039,EMIS
H85087,EMIS
J82008,EMIS
K81021,EMIS
K84030,EMIS
L81031,EMIS
M85149,TPP
M88001,TPP
N83050,EMIS
P83609,EMIS
Y06507,TPP
A83617,TPP
A88015,EMIS
C85013,TPP
C88026,TPP
E81012,TPP
E82061,TPP
E87745,TPP
F85642,EMIS
G83044,EMIS
F85065,EMIS
G81001,TPP
G81070,EMIS
G82108,EMIS
G85114,EMIS
H81068,TPP
H81656,EMIS
H84006,EMIS
H85008,EMIS
H85030,EMIS
J82028,TPP
P92637,EMIS
A84604,TPP
A85010,EMIS
A87013,EMIS
C82091,TPP
C83078,TPP
C83611,TPP
C84042,TPP
C84683,TPP
C85018,EMIS
D81631,TPP
D82044,TPP
D83047,TPP
E82077,EMIS
E85055,TPP
F81013,TPP
F81184,TPP
F81716,TPP
F83674,EMIS
G81050,EMIS
M81081,EMIS
M83638,EMIS
M85013,TPP
M85110,EMIS
M86018,EMIS
M91010,EMIS
M91026,EMIS
N82617,EMIS
N83021,EMIS
N83031,EMIS
P85028,EMIS
P87627,EMIS
P92653,TPP
Y02751,TPP
A81031,TPP
B83622,TPP
D81035,EMIS
E87715,TPP
F81071,TPP
F81221,EMIS
F84111,EMIS
H81067,EMIS
H81644,EMIS
J81057,TPP
J83038,TPP
J84011,TPP
L82004,EMIS
L83673,TPP
L85050,EMIS
M82020,EMIS
M83093,EMIS
M85686,EMIS
M86037,EMIS
N82065,EMIS
P81038,EMIS
P87610,EMIS
P87649,EMIS
P89014,EMIS
A85020,EMIS
B82017,EMIS
B83038,TPP
D82024,TPP
E86026,EMIS
E87746,TPP
F81618,TPP
F82674,EMIS
G85014,EMIS
H85012,EMIS
J82002,EMIS
J82055,TPP
K81084,EMIS
K83021,TPP
K83042,TPP
K84003,EMIS
L83039,EMIS
L84015,TPP
M85041,EMIS
M85084,EMIS
M85128,EMIS
M85669,TPP
M85746,EMIS
N81008,EMIS
P84052,EMIS
P89022,EMIS
P92621,EMIS
Y00058,TPP
Y02713,EMIS
B85006,TPP
B85019,TPP
B85614,TPP
B86013,TPP
C82626,TPP
E84080,EMIS
E84646,EMIS
F81669,TPP
G83047,EMIS
F83008,EMIS
F83672,EMIS
J81052,TPP
K82003,TPP
K82020,EMIS
L81053,EMIS
M81061,EMIS
M82011,EMIS
M85028,TPP
M86010,EMIS
M91628,EMIS
P81714,EMIS
P88016,EMIS
A85001,EMIS
A85005,EMIS
A88023,EMIS
C81009,TPP
C81053,TPP
C82614,TPP
C84081,TPP
C87604,TPP
C88048,TPP
C88085,TPP
D83017,TPP
E81029,TPP
E84620,EMIS
F81704,TPP
G85087,EMIS
F85014,EMIS
G82211,EMIS
H85076,EMIS
H85683,EMIS
L83050,TPP
L83118,EMIS
L84012,EMIS
L85029,EMIS
M83148,EMIS
N81120,EMIS
Y02639,TPP
Y02767,EMIS
B82067,TPP
B83019,TPP
C81038,TPP
C81058,TPP
C87024,TPP
C88647,TPP
E81004,TPP
E82091,EMIS
E84012,EMIS
F81164,TPP
H81024,EMIS
F82022,EMIS
G81634,EMIS
G85644,EMIS
H81056,EMIS
J82067,EMIS
J82669,EMIS
J83046,TPP
L83055,EMIS
L85009,EMIS
L85025,EMIS
M81063,EMIS
N81642,EMIS
N84626,EMIS
P81710,EMIS
P85015,EMIS
P88006,EMIS
Y03664,EMIS
A82030,EMIS
A86033,EMIS
B82035,TPP
B85014,TPP
C81014,TPP
C82011,EMIS
C82071,TPP
C87010,TPP
E81014,TPP
E84030,EMIS
E85059,TPP
E85077,TPP
F81169,TPP
F82014,EMIS
F84033,EMIS
F84092,EMIS
G81658,EMIS
G85109,EMIS
K81083,EMIS
K82068,EMIS
K83011,EMIS
K83032,TPP
L81009,EMIS
L81063,EMIS
L83038,EMIS
M89015,TPP
M91660,EMIS
N81045,EMIS
P81062,EMIS
P87002,EMIS
P89021,EMIS
Y06218,EMIS
A83641,TPP
C88032,EMIS
G82200,EMIS
F82610,EMIS
F83021,EMIS
F84038,EMIS
F84716,EMIS
G85027,EMIS
J82015,EMIS
K84037,EMIS
K84055,EMIS
L83064,TPP
L83651,TPP
L85048,EMIS
L85053,EMIS
M85153,EMIS
M87005,EMIS
N81007,TPP
N81032,EMIS
N84024,EMIS
P84037,EMIS
P86023,EMIS
Y02354,EMIS
A83055,TPP
B86642,TPP
C82107,TPP
C83033,TPP
D81054,EMIS
D83016,TPP
E82072,TPP
E84063,EMIS
F83053,EMIS
G82019,EMIS
G82059,EMIS
G82098,EMIS
G82754,EMIS
G83026,EMIS
H85025,EMIS
K81651,EMIS
K83049,TPP
L84059,TPP
L85028,EMIS
M83711,EMIS
M85697,EMIS
M88030,EMIS
M92004,EMIS
N83601,EMIS
P81066,EMIS
P82033,EMIS
P87634,EMIS
Y00312,EMIS
Y05349,TPP
B81037,EMIS
C82093,TPP
C85009,TPP
C88020,TPP
D82048,TPP
E81050,TPP
E86615,EMIS
G82032,EMIS
F86062,EMIS
G81089,EMIS
G82693,EMIS
G82733,EMIS
K81070,EMIS
K83052,TPP
K83059,TPP
L84041,TPP
L85022,EMIS
M89030,TPP
M92022,EMIS
P84014,EMIS
P84021,EMIS
P91026,EMIS
P92648,TPP
E83025,EMIS
A82005,EMIS
A89040,EMIS
B81016,EMIS
C81015,TPP
C82122,TPP
E84059,TPP
E84702,EMIS
F81117,TPP
G83002,EMIS
F82660,EMIS
K84028,EMIS
L81131,EMIS
L83624,TPP
M82006,EMIS
M82046,EMIS
M91613,EMIS
N83605,EMIS
P82609,EMIS
P83620,EMIS
P84032,EMIS
P84651,EMIS
Y00057,EMIS
Y02611,TPP
A82012,EMIS
B85061,TPP
B87030,TPP
E81015,TPP
E83028,EMIS
E85125,TPP
F81749,TPP
F84004,EMIS
F84735,EMIS
H85006,EMIS
J81626,TPP
J82121,EMIS
J83023,TPP
L83042,TPP
M91654,EMIS
P81006,EMIS
P81181,EMIS
P84050,EMIS
P84070,EMIS
Y01124,EMIS
A82053,EMIS
A85017,EMIS
B85008,TPP
C84714,EMIS
E82085,EMIS
E82117,EMIS
F83045,EMIS
G81029,EMIS
G82058,EMIS
G84028,EMIS
H81020,EMIS
H85659,EMIS
J82021,EMIS
K83616,TPP
L83131,EMIS
M81068,EMIS
M83082,TPP
M84011,EMIS
M85721,EMIS
P82003,TPP
P87035,EMIS
Y06356,TPP
A83005,TPP
A86003,EMIS
A86013,EMIS
B86054,TPP
C84095,TPP
E82130,TPP
E87751,TPP
F81004,TPP
F81102,TPP
G82721,EMIS
H81066,EMIS
F85669,EMIS
F86086,EMIS
G82007,EMIS
G85054,EMIS
H85018,EMIS
H85021,EMIS
H85115,EMIS
J83013,TPP
K84082,EMIS
K84613,EMIS
L81098,EMIS
L83013,EMIS
L83058,TPP
L85033,EMIS
M83045,EMIS
M83048,EMIS
M85736,EMIS
M87623,EMIS
N84605,EMIS
N85625,EMIS
P86609,EMIS
Y03755,EMIS
A81602,TPP
A84619,TPP
B87033,TPP
C86013,TPP
D82029,EMIS
D82070,EMIS
E82041,TPP
E87737,TPP
F84069,EMIS
F84117,EMIS
G81040,TPP
G85084,EMIS
H83019,EMIS
J83646,TPP
K81630,EMIS
K82047,EMIS
M82021,EMIS
M82023,EMIS
M83096,EMIS
M92006,EMIS
N81011,EMIS
Y01929,EMIS
Y02517,EMIS
A82037,EMIS
A83050,TPP
A84016,TPP
B86036,TPP
C82610,TPP
E86625,EMIS
E87754,TPP
G82647,EMIS
H81041,EMIS
H81094,EMIS
F84070,EMIS
G81096,EMIS
G82706,EMIS
G83012,EMIS
H81036,EMIS
H85090,EMIS
J81017,TPP
J82633,EMIS
J83056,TPP
K82057,TPP
L83016,EMIS
L83066,TPP
M85792,EMIS
P87008,EMIS
Y02755,EMIS
A84006,TPP
B83009,TPP
B85623,TPP
C83617,EMIS
C84092,TPP
C86005,EMIS
C87005,TPP
D82035,TPP
D82066,TPP
E81028,TPP
E84017,EMIS
E87038,TPP
E87739,TPP
G85031,EMIS
H82076,EMIS
H85045,EMIS
J81042,TPP
J82116,EMIS
K81034,EMIS
K82027,TPP
K82631,TPP
L83086,TPP
L83112,EMIS
L84008,TPP
M81011,EMIS
M83129,EMIS
M86029,EMIS
M89026,TPP
M91004,EMIS
P84074,EMIS
P89602,EMIS
P92602,EMIS
Y05080,EMIS
A82021,EMIS
B81051,EMIS
B85031,TPP
B86655,TPP
C84717,TPP
D83069,TPP
E85032,TPP
E85069,TPP
F81056,TPP
F81150,TPP
G81084,EMIS
G81095,EMIS
G82218,EMIS
G82635,EMIS
G82730,EMIS
G83033,EMIS
J82007,TPP
J82163,EMIS
K81048,EMIS
M81032,EMIS
M85783,EMIS
M91011,EMIS
M92008,EMIS
P84025,EMIS
Y00252,EMIS
Y04809,TPP
Y04977,TPP
A84018,EMIS
B82018,TPP
C82014,TPP
E85128,TPP
E85635,TPP
E87701,TPP
F81211,TPP
F81219,TPP
F83020,EMIS
G81083,TPP
G82077,EMIS
G84621,EMIS
H82051,TPP
J81036,TPP
J82214,EMIS
J83055,TPP
K82044,EMIS
K83621,TPP
K84033,EMIS
L84065,TPP
M81600,EMIS
M82601,EMIS
M86017,EMIS
M88618,TPP
N81047,EMIS
N82079,EMIS
N85005,EMIS
Y00316,EMIS
Y00344,TPP
E83639,EMIS
A81053,TPP
A83047,TPP
A83072,TPP
B86003,EMIS
C82045,TPP
C82662,TPP
C88062,TPP
E82024,TPP
E82051,EMIS
E83637,EMIS
E84658,EMIS
G82155,EMIS
F83060,EMIS
F86692,EMIS
G85006,EMIS
G85100,EMIS
H83008,EMIS
J82178,EMIS
J84005,TPP
J84012,TPP
M86038,EMIS
M91021,EMIS
N84035,EMIS
P81167,EMIS
P84048,EMIS
A84033,EMIS
B83041,TPP
C81077,EMIS
C82037,TPP
C84115,TPP
E81049,TPP
E85682,EMIS
E85687,TPP
F81044,EMIS
F82007,EMIS
G82050,EMIS
H84041,EMIS
J83024,TPP
J83037,TPP
L82017,TPP
L83044,EMIS
M83141,EMIS
M91621,EMIS
N81044,EMIS
N81108,TPP
Y04884,EMIS
A82039,EMIS
A86040,EMIS
B87017,TPP
C88082,EMIS
D83048,TPP
E84067,EMIS
F81130,TPP
F81635,TPP
H81083,EMIS
F83683,EMIS
F84740,EMIS
K81012,EMIS
M86633,EMIS
M91013,EMIS
N83024,EMIS
N84006,EMIS
P89018,EMIS
Y05291,TPP
A81618,EMIS
A89032,EMIS
B81603,TPP
B82062,EMIS
B85028,TPP
C84637,TPP
C84696,TPP
F84724,EMIS
G82085,EMIS
H85095,EMIS
J81061,TPP
K82038,EMIS
L81058,EMIS
L82025,TPP
L84039,TPP
M88635,TPP
M92015,EMIS
P86015,EMIS
P92011,EMIS
Y03602,EMIS
A87016,EMIS
A89031,EMIS
B87001,TPP
C81611,EMIS
C82035,TPP
C84030,TPP
C85024,CEGEDIM
C87622,TPP
D83056,TPP
G82152,EMIS
G85647,EMIS
F81075,TPP
F85067,EMIS
G82051,EMIS
J84008,TPP
K81010,EMIS
L84048,TPP
M91020,EMIS
N85009,EMIS
N85048,EMIS
P89015,EMIS
Y02117,EMIS
A81034,TPP
A87023,TPP
C86020,EMIS
E85001,TPP
F83061,EMIS
F81134,TPP
F82650,EMIS
F83044,EMIS
G82022,EMIS
H83014,EMIS
H85024,EMIS
J82092,EMIS
J83045,TPP
M81084,EMIS
M82014,EMIS
M84021,EMIS
N81020,TPP
N83633,EMIS
P82613,EMIS
P91013,EMIS
B85033,TPP
B85610,EMIS
C81069,TPP
C82033,TPP
C84043,EMIS
C84044,EMIS
C88086,TPP
E83649,EMIS
F85663,EMIS
F85044,EMIS
G81087,EMIS
H81022,EMIS
H82070,TPP
H83029,EMIS
J82104,EMIS
K83013,TPP
K84012,TPP
K84015,EMIS
L85026,EMIS
M81033,EMIS
M83127,EMIS
M85029,TPP
M85062,TPP
P81071,EMIS
P83009,EMIS
P85601,EMIS
P89020,EMIS
Y00918,EMIS
Y02973,EMIS
A81054,TPP
B82012,TPP
C83613,TPP
C84619,TPP
C88049,TPP
D81603,TPP
D83003,EMIS
E81052,TPP
E82023,EMIS
E85057,TPP
E85628,TPP
E87006,TPP
G85052,EMIS
F84063,EMIS
F86642,EMIS
G85706,EMIS
H85061,EMIS
K81063,EMIS
L81037,EMIS
L83054,TPP
M83703,EMIS
N82034,EMIS
N82108,EMIS
P83001,EMIS
P84679,EMIS
P88021,EMIS
Y05318,EMIS
E83653,EMIS
A81612,TPP
B81018,TPP
B86024,EMIS
C84036,TPP
D82085,TPP
D82105,TPP
E81030,TPP
E84033,EMIS
E85677,TPP
F85019,EMIS
F84668,EMIS
G81057,EMIS
G82634,EMIS
K84002,EMIS
K84049,EMIS
L84063,EMIS
L85002,EMIS
M82003,EMIS
M84067,EMIS
M85001,TPP
M91641,EMIS
N81084,EMIS
P81016,EMIS
P81674,EMIS
Y06275,TPP
A83045,TPP
B86002,TPP
C82068,TPP
C84067,TPP
E82066,EMIS
E82107,EMIS
E82113,EMIS
F82002,EMIS
G81077,EMIS
G82073,EMIS
K81655,EMIS
K82004,EMIS
L85008,EMIS
M83121,EMIS
M85143,TPP
M91612,EMIS
N81048,EMIS
N84010,EMIS
N85046,EMIS
P84034,EMIS
P88007,EMIS
A81004,TPP
B82032,TPP
B86001,TPP
C82066,TPP
C82669,TPP
C86625,TPP
E82055,EMIS
F81026,TPP
F81197,TPP
G82027,EMIS
F84632,EMIS
F85072,EMIS
F86005,EMIS
G82015,EMIS
G84625,EMIS
G85038,EMIS
K83024,TPP
M82042,EMIS
M84026,EMIS
M85717,TPP
N81057,EMIS
N82094,EMIS
N84041,EMIS
P86602,EMIS
A86005,EMIS
A89023,EMIS
B82069,TPP
B86019,TPP
C83008,TPP
D82019,TPP
D82038,TPP
E81633,TPP
H81052,EMIS
G81017,EMIS
L85007,EMIS
N85006,EMIS
P84053,EMIS
P92620,EMIS
Y00352,EMIS
Y03023,EMIS
A83038,TPP
A86012,TPP
B83628,TPP
C86021,TPP
D83053,TPP
F83002,EMIS
F86040,EMIS
G81022,EMIS
G82702,EMIS
H84050,EMIS
H85029,EMIS
J84019,TPP
L82001,TPP
M85070,EMIS
M87013,TPP
M91659,EMIS
N83622,EMIS
P81633,EMIS
P84045,EMIS
P92030,EMIS
P92038,TPP
Y04882,EMIS
B81009,TPP
B83022,TPP
C83001,TPP
E82031,EMIS
E85029,TPP
E85120,TPP
F81212,TPP
F82678,EMIS
F84008,EMIS
F84087,EMIS
F84685,EMIS
G82035,EMIS
G82110,EMIS
H81070,EMIS
H85634,EMIS
J81029,TPP
J82119,EMIS
K84026,EMIS
L81017,EMIS
L82016,EMIS
M82002,EMIS
M82034,EMIS
M84044,EMIS
M86007,EMIS
M88026,TPP
P81115,EMIS
P86004,EMIS
Y02463,TPP
Y02633,EMIS
A83006,TPP
A84044,TPP
C82047,TPP
C82098,TPP
C84005,TPP
C88025,TPP
E82005,TPP
E87061,TPP
F81020,TPP
F85028,EMIS
F81110,TPP
F81142,TPP
G82233,EMIS
H83627,EMIS
J82088,EMIS
K81015,CEGEDIM
L82046,TPP
M83640,EMIS
M85779,TPP
M91028,EMIS
N85008,EMIS
P87015,EMIS
Y02626,EMIS
B81099,TPP
B84013,EMIS
B86672,TPP
C81034,EMIS
C81056,TPP
C81057,TPP
C82027,TPP
C83020,TPP
C84032,TPP
C88038,TPP
E82081,TPP
E82104,TPP
E85096,TPP
F84122,EMIS
F86641,EMIS
G81047,TPP
G82107,EMIS
G82115,EMIS
G82652,EMIS
H82057,TPP
J81613,TPP
K84062,EMIS
L81070,TPP
L82015,TPP
L83077,TPP
L83111,EMIS
L84069,TPP
M81072,EMIS
M83627,TPP
M85146,EMIS
B81697,TPP
C82105,TPP
C83002,TPP
C88036,TPP
E81047,TPP
E82035,TPP
E85715,TPP
F81043,TPP
F81218,TPP
F82627,EMIS
F82677,EMIS
F84013,EMIS
F84660,EMIS
F86078,EMIS
F86691,EMIS
G82038,EMIS
H81039,EMIS
H81123,EMIS
H85114,EMIS
J83029,TPP
K81050,EMIS
K82032,TPP
L81069,TPP
L82011,TPP
L85044,EMIS
M81012,EMIS
M84020,EMIS
M85097,EMIS
M85177,EMIS
M86001,EMIS
M88006,EMIS
Y02586,EMIS
B81020,TPP
B81070,TPP
C81052,TPP
C82611,TPP
E81006,TPP
E84002,EMIS
F82680,TPP
F84666,EMIS
G81059,EMIS
G84035,EMIS
H82066,TPP
H85057,EMIS
J81046,TPP
J81074,TPP
J83007,TPP
J83053,TPP
K82051,EMIS
K84017,EMIS
L82070,EMIS
L85037,EMIS
M81617,EMIS
M83046,EMIS
M87036,EMIS
N81111,EMIS
N82097,EMIS
P81010,EMIS
P81033,EMIS
P81771,EMIS
P84690,EMIS
Y00351,TPP
Y02707,TPP
A87029,EMIS
B82619,TPP
C86009,TPP
D83028,TPP
E83037,EMIS
E84015,EMIS
E84040,EMIS
F81640,TPP
F85025,EMIS
F85060,EMIS
G81006,EMIS
G82140,EMIS
L81122,TPP
M81608,EMIS
M82043,EMIS
M86045,EMIS
M88639,TPP
N84014,EMIS
P81655,EMIS
P81740,EMIS
P82652,EMIS
P84663,EMIS
P92019,EMIS
Y00774,TPP
B81010,TPP
E84709,EMIS
E85716,TPP
E87067,TPP
F84009,EMIS
F84017,EMIS
G83647,EMIS
G85086,EMIS
H84023,CEGEDIM
H85022,EMIS
K82037,TPP
K83065,EMIS
L81082,EMIS
L82054,TPP
L83136,TPP
L84072,TPP
L84080,TPP
L85038,EMIS
M81024,EMIS
M91016,EMIS
Y05212,TPP
B81017,TPP
B81647,TPP
B85641,TPP
C81046,TPP
C81094,TPP
C81115,TPP
C83023,TPP
C83635,TPP
C88092,TPP
D82079,TPP
D83026,TPP
E81048,TPP
E85025,TPP
G81008,EMIS
G82120,EMIS
G84003,EMIS
H83007,EMIS
J82010,EMIS
N81082,EMIS
N81118,EMIS
N81614,EMIS
N83608,EMIS
P82633,EMIS
P84051,EMIS
P86007,EMIS
P89003,EMIS
P91003,EMIS
A83644,EMIS
B82066,TPP
C84605,TPP
C88028,EMIS
E81026,TPP
E81041,TPP
E82124,EMIS
E85012,TPP
E85099,TPP
E85108,TPP
E86034,EMIS
E87047,TPP
F81009,EMIS
G82744,EMIS
J83001,TPP
K81041,EMIS
M81046,EMIS
M84019,EMIS
M85642,EMIS
M85766,EMIS
M88619,TPP
N81006,EMIS
N84019,EMIS
P81018,EMIS
P82624,CEGEDIM
A81027,TPP
B81653,TPP
B87039,TPP
C84127,TPP
C85008,EMIS
D81606,TPP
D83009,TPP
E81046,TPP
E85123,TPP
F82021,EMIS
F86010,EMIS
F86030,EMIS
G81019,EMIS
G81055,EMIS
H84625,EMIS
J83005,TPP
L84038,EMIS
M81075,EMIS
M82008,EMIS
M83059,EMIS
N82073,EMIS
N85620,EMIS
P83010,EMIS
P88013,EMIS
P91016,EMIS
Y02045,EMIS
C83044,EMIS
A89010,EMIS
B86032,TPP
C85614,EMIS
C88009,TPP
C88027,TPP
D83022,TPP
E84070,EMIS
E86006,EMIS
F81007,TPP
G83010,EMIS
G85727,EMIS
F83678,EMIS
F85039,EMIS
G82184,EMIS
G83001,EMIS
G84020,EMIS
G84039,EMIS
H85069,EMIS
J83040,TPP
L82047,EMIS
M89019,TPP
N81089,TPP
N82103,EMIS
N83027,EMIS
P85612,EMIS
Y01221,TPP
A82647,EMIS
B81030,TPP
B81077,EMIS
C81067,TPP
C83061,TPP
C87016,TPP
D83062,TPP
E84004,EMIS
H81037,EMIS
F84060,EMIS
F85010,EMIS
G82775,EMIS
K82013,TPP
L81025,TPP
M81627,EMIS
M82022,EMIS
M87007,EMIS
Y02653,EMIS
Y05023,TPP
A86036,TPP
A89016,EMIS
B84019,TPP
C83022,TPP
C84113,TPP
C86023,EMIS
C88008,EMIS
D82011,TPP
E82084,EMIS
E84601,EMIS
E85744,TPP
G82048,EMIS
G85025,EMIS
G85125,EMIS
F84698,EMIS
G82037,EMIS
H81030,EMIS
H81122,EMIS
H82022,TPP
H84032,EMIS
H85066,EMIS
J82110,EMIS
J83035,TPP
K82039,TPP
K83023,TPP
K83041,TPP
L81050,EMIS
L81081,EMIS
L83020,TPP
M86612,EMIS
M87019,EMIS
N84013,EMIS
P84040,EMIS
P85622,EMIS
P89013,EMIS
P91006,EMIS
P91018,EMIS
P91623,EMIS
Y00999,TPP
B81007,TPP
B81052,TPP
B82021,TPP
B86048,TPP
C88655,EMIS
E81022,TPP
F81078,TPP
F81636,TPP
F84015,EMIS
F84081,EMIS
G82063,EMIS
H82039,TPP
H84031,EMIS
J81016,TPP
K82058,EMIS
K84025,EMIS
L81090,EMIS
L81118,EMIS
M81090,EMIS
M85634,EMIS
M91647,EMIS
N81052,EMIS
N82074,EMIS
P81065,EMIS
P81647,EMIS
P87648,EMIS
A84039,TPP
A89614,EMIS
B83624,TPP
B85655,TPP
C82020,TPP
C82042,EMIS
C82086,TPP
D83034,TPP
E85643,TPP
E86011,EMIS
F81015,TPP
F82670,EMIS
F83004,EMIS
G82741,EMIS
G83018,EMIS
G83630,EMIS
H82049,TPP
L81133,EMIS
M83103,EMIS
M83126,EMIS
M84031,EMIS
N81040,EMIS
P81160,EMIS
P82616,EMIS
Y00475,EMIS
Y02718,EMIS
A82629,EMIS
A89028,EMIS
B86081,EMIS
C81063,EMIS
C82670,TPP
C83029,TPP
C87015,TPP
E86619,EMIS
F85032,EMIS
J81009,TPP
J81612,TPP
K84071,EMIS
L83067,TPP
N81022,EMIS
N83017,EMIS
N83614,EMIS
P84630,EMIS
Y02646,TPP
Y02849,EMIS
A82608,EMIS
A88003,EMIS
B82046,EMIS
B82063,TPP
B82083,TPP
B83056,TPP
B85042,TPP
B86007,TPP
B86062,TPP
C82039,TPP
C84654,TPP
D81062,TPP
D82001,EMIS
D83608,TPP
E82037,EMIS
E85696,TPP
F81141,TPP
F81613,TPP
F83039,EMIS
F85705,EMIS
F86624,EMIS
G83006,EMIS
H81051,EMIS
H85007,EMIS
J81034,TPP
K82010,EMIS
K82059,TPP
K83003,TPP
L81019,EMIS
L82048,TPP
L83043,TPP
M86617,EMIS
M91018,EMIS
N82035,EMIS
Y00445,EMIS
A84047,TPP
B81675,TPP
B83035,TPP
B87008,TPP
C82096,TPP
C82103,TPP
C83004,TPP
D81022,TPP
D81027,EMIS
E85026,TPP
E86042,EMIS
F81113,TPP
H82041,EMIS
H83631,EMIS
M83028,EMIS
M83617,EMIS
M86009,EMIS
M92607,EMIS
N83609,EMIS
N85054,EMIS
P81067,EMIS
P91009,EMIS
E83622,EMIS
A84009,EMIS
B81061,TPP
B86041,TPP
B86094,TPP
B87002,TPP
B87036,TPP
C82059,TPP
C86611,TPP
C88060,TPP
D82073,TPP
E81632,TPP
F81003,TPP
G84630,EMIS
G85044,EMIS
L85042,EMIS
L85601,EMIS
M81034,EMIS
M83073,TPP
M84061,EMIS
N82117,EMIS
N85643,EMIS
Y02769,TPP
A86016,EMIS
A87030,EMIS
B81043,EMIS
B82060,TPP
C81604,TPP
C85003,TPP
D82003,TPP
D82621,EMIS
E82082,TPP
E85003,TPP
F81165,TPP
H82072,EMIS
J81022,TPP
L83069,TPP
N81070,EMIS
N82077,EMIS
N82082,EMIS
N83019,EMIS
Y02671,TPP
E83021,EMIS
B81004,EMIS
B81645,TPP
B81666,EMIS
B82034,TPP
B86093,TPP
C84103,TPP
F81696,TPP
F85069,EMIS
F84080,EMIS
G81018,TPP
G82666,EMIS
H85053,EMIS
J82040,EMIS
L83046,TPP
L83655,EMIS
L84081,TPP
M82032,EMIS
M83033,EMIS
M84616,EMIS
N81079,EMIS
P81013,EMIS
Y02606,EMIS
B82064,TPP
C84091,TPP
E85013,TPP
E85600,TPP
G85121,EMIS
H82004,TPP
J81012,TPP
J83010,TPP
K82045,EMIS
K83047,TPP
L81026,EMIS
M83107,EMIS
M84023,EMIS
M92043,EMIS
P81734,EMIS
P81741,EMIS
P87639,EMIS
Y00411,TPP
A81631,TPP
A82023,EMIS
A89623,EMIS
B81055,TPP
B82609,TPP
B85606,TPP
C84084,TPP
D81033,TPP
D82053,TPP
F81136,TPP
F81711,TPP
F83011,EMIS
G82719,EMIS
F82017,EMIS
F82019,EMIS
G85715,EMIS
H81090,EMIS
J82210,EMIS
K84066,EMIS
L85036,EMIS
M85118,EMIS
M86012,EMIS
P81061,EMIS
P81182,EMIS
P86016,EMIS
A82046,EMIS
A84035,TPP
B82025,TPP
B85636,TPP
C83045,TPP
C83643,TPP
E84647,EMIS
E86632,EMIS
G82231,EMIS
F82630,EMIS
F82649,EMIS
F86036,EMIS
G82232,EMIS
G82708,EMIS
H83015,EMIS
H85113,EMIS
H85116,EMIS
J81620,TPP
J82051,EMIS
K83009,TPP
M82031,EMIS
M83109,EMIS
M85065,EMIS
M86002,EMIS
N83054,EMIS
P81040,EMIS
P81731,EMIS
P84637,EMIS
Y00200,TPP
Y01964,EMIS
E83018,EMIS
A81017,TPP
A81040,EMIS
A84028,TPP
A86017,EMIS
A87004,EMIS
A89019,EMIS
B86043,TPP
C81086,TPP
C83039,EMIS
C84016,TPP
C84703,TPP
C87029,TPP
C88043,TPP
D82008,TPP
E82088,TPP
E85030,TPP
G82088,EMIS
G82126,EMIS
G82653,EMIS
H82064,TPP
H85002,EMIS
J84007,TPP
L85624,EMIS
M83641,EMIS
M84014,EMIS
M84066,EMIS
M85749,EMIS
M87024,EMIS
M88004,TPP
N82054,EMIS
P81711,EMIS
P87025,EMIS
A81629,TPP
A89035,EMIS
C82649,TPP
C84035,TPP
C85014,EMIS
C85619,TPP
D81070,TPP
D83064,TPP
F84123,EMIS
F84686,EMIS
F85071,EMIS
G82665,EMIS
G83030,EMIS
G83049,EMIS
H82028,TPP
J82019,EMIS
K83015,TPP
K84006,EMIS
L83019,EMIS
L85011,EMIS
M85014,EMIS
M85020,EMIS
M85098,EMIS
N81624,EMIS
P81622,EMIS
P88008,EMIS
B85612,TPP
B86056,TPP
B86058,TPP
C84009,TPP
D82032,TPP
E81024,TPP
E81073,TPP
F81065,TPP
F81086,TPP
F81707,TPP
H81061,EMIS
G81039,EMIS
G84016,EMIS
H82014,TPP
H82036,TPP
J81028,TPP
J83619,TPP
K83036,TPP
L83057,TPP
M83056,EMIS
M83682,EMIS
M84015,EMIS
M84029,EMIS
M85031,TPP
M85759,TPP
M87006,EMIS
N82014,EMIS
N83010,EMIS
N83045,EMIS
Y00206,EMIS
Y00403,EMIS
Y07020,EMIS
B82002,TPP
B83042,TPP
B86012,TPP
C81050,TPP
C81642,TPP
C81647,TPP
C86024,TPP
C87004,EMIS
C88018,TPP
D81010,TPP
D82100,TPP
E82009,EMIS
E85658,TPP
E85746,TPP
F84741,EMIS
G85002,EMIS
H83012,EMIS
H85055,EMIS
K81057,TPP
L83073,TPP
L83082,TPP
L85001,EMIS
M81001,EMIS
M81010,EMIS
M83066,TPP
P81724,EMIS
Y04968,EMIS
A82013,EMIS
A82025,EMIS
A83020,TPP
B81034,EMIS
C82003,TPP
C85622,EMIS
C88041,TPP
D81615,TPP
E82042,TPP
F81028,EMIS
F85023,EMIS
F83671,EMIS
G85673,EMIS
J82025,EMIS
K81103,EMIS
K84004,EMIS
M89016,TPP
M89017,EMIS
N81014,TPP
P84054,EMIS
A82010,EMIS
A87008,EMIS
B81100,TPP
C82007,TPP
C82671,TPP
C83025,TPP
C83650,TPP
C85020,EMIS
E81008,TPP
E82059,EMIS
E83650,EMIS
E85058,TPP
E86005,EMIS
E87762,TPP
F81019,EMIS
F81083,TPP
F81744,TPP
H85092,EMIS
J82034,EMIS
K81001,EMIS
L81073,TPP
L84033,TPP
M83661,EMIS
M85670,TPP
M86015,EMIS
M86020,EMIS
M89001,TPP
N84028,EMIS
P81157,EMIS
P84030,EMIS
P84067,EMIS
P92006,TPP
A81029,TPP
A83040,TPP
B83659,TPP
C81084,TPP
C84026,TPP
D81036,TPP
E87702,TPP
F81022,TPP
F81040,TPP
F83633,EMIS
G82203,EMIS
G85104,EMIS
J81064,TPP
L83143,TPP
M86627,EMIS
N81055,EMIS
P81029,EMIS
P84042,EMIS
P91017,EMIS
B81008,TPP
D82099,TPP
E84022,EMIS
E85034,TPP
E86018,EMIS
F85029,EMIS
G83628,EMIS
F84036,EMIS
G81023,EMIS
G81034,TPP
G81099,EMIS
G82808,EMIS
H81075,EMIS
H84018,EMIS
J81051,TPP
K84019,EMIS
L83646,TPP
M81076,EMIS
M81082,EMIS
M83670,EMIS
M91008,EMIS
Y02890,EMIS
A85016,EMIS
B85660,EMIS
B86667,TPP
C82644,TPP
C83032,TPP
D81038,TPP
E81060,TPP
E84048,EMIS
F81092,TPP
F81099,TPP
H81128,EMIS
G85024,EMIS
H83608,EMIS
J81648,TPP
J83041,TPP
K83601,TPP
L81089,EMIS
L83028,TPP
L85054,EMIS
M84008,EMIS
N81085,EMIS
N81115,EMIS
N84003,EMIS
N85629,EMIS
P81100,EMIS
P84033,EMIS
P91603,EMIS
A81057,TPP
A82008,EMIS
A86037,TPP
A89022,EMIS
B81069,TPP
B81104,TPP
D81047,TPP
D83038,TPP
E83049,EMIS
F81120,TPP
G82046,EMIS
G85023,EMIS
H81027,EMIS
J82146,EMIS
M84030,EMIS
M84629,EMIS
M85774,EMIS
N81087,EMIS
N81122,TPP
N82084,EMIS
P81154,EMIS
P84017,EMIS
P89006,EMIS
P92651,EMIS
Y02885,EMIS
A86007,EMIS
A88613,EMIS
C81638,TPP
C81658,TPP
C84018,TPP
D81008,TPP
G82114,EMIS
F81155,TPP
F84692,EMIS
F85058,EMIS
H84054,EMIS
J81083,TPP
J83016,TPP
L81130,EMIS
L85023,EMIS
M83031,EMIS
M92649,EMIS
N85002,EMIS
P81140,EMIS
P84028,EMIS
P89002,EMIS
B81108,TPP
B82044,TPP
D81612,EMIS
F83052,EMIS
F84747,EMIS
F86006,EMIS
H82065,EMIS
H83030,EMIS
J81062,TPP
J83014,TPP
M81066,EMIS
M83016,EMIS
M83030,EMIS
Y06113,EMIS
A81036,TPP
A81046,TPP
A81608,TPP
A84002,TPP
B81002,TPP
B81655,TPP
C82005,TPP
C87003,TPP
D83054,TPP
D83070,EMIS
F81091,EMIS
F81739,TPP
G85004,EMIS
G85623,EMIS
G84624,EMIS
G85632,EMIS
J81068,TPP
J82131,TPP
J82169,EMIS
K82617,TPP
L85065,EMIS
M83005,EMIS
M83036,EMIS
M83601,EMIS
N81127,EMIS
N82004,EMIS
N82066,EMIS
N82670,EMIS
P81053,EMIS
P81169,EMIS
P92002,EMIS
Y02567,TPP
Y02753,EMIS
B81048,TPP
B86669,TPP
C81037,TPP
C81071,TPP
C81615,EMIS
C88053,TPP
E81019,TPP
E83016,EMIS
E87024,TPP
H81046,EMIS
F82038,EMIS
F86074,TPP
G81049,EMIS
G81054,EMIS
G81689,TPP
G82143,EMIS
M82035,EMIS
M84063,EMIS
M85074,EMIS
M87020,EMIS
M87021,EMIS
N85020,EMIS
P81089,EMIS
Y02344,TPP
Y02674,EMIS
Y04266,TPP
A83044,TPP
A89024,EMIS
B82016,TPP
B87021,TPP
C81091,TPP
C84066,TPP
C84078,TPP
C84116,EMIS
C84129,TPP
C84693,EMIS
C87014,TPP
D81037,TPP
D81061,TPP
E82020,EMIS
E85005,TPP
E87011,TPP
F81128,TPP
F84035,EMIS
F84121,EMIS
G85120,EMIS
H81663,EMIS
H82027,TPP
K81092,EMIS
K84078,EMIS
L82056,TPP
L83070,TPP
N81031,EMIS
N81117,EMIS
P81737,EMIS
P86001,EMIS
P89007,TPP
Y01719,EMIS
Y02962,EMIS
Y07014,EMIS
A83011,EMIS
A84024,EMIS
A86028,TPP
A89020,EMIS
E81016,TPP
E84075,EMIS
E85008,TPP
E85075,TPP
E85726,TPP
F81001,TPP
F81034,EMIS
F81153,TPP
F83023,EMIS
F83615,EMIS
F82033,EMIS
F82051,EMIS
F83025,EMIS
F84642,EMIS
G82768,EMIS
H82042,TPP
H83023,EMIS
J82139,EMIS
J82161,EMIS
J83645,TPP
K81638,EMIS
K82073,EMIS
K84027,EMIS
M82048,EMIS
M84055,EMIS
M86033,EMIS
M91650,EMIS
M92007,EMIS
N81019,EMIS
N82049,EMIS
N84625,EMIS
Y00469,TPP
B83641,TPP
C83003,EMIS
C84613,TPP
D81065,TPP
E83009,EMIS
E84626,EMIS
E85064,TPP
F81132,TPP
J81056,TPP
J82071,EMIS
J82216,EMIS
K81018,EMIS
K82033,EMIS
L84023,TPP
M81015,EMIS
P84039,EMIS
A85002,EMIS
B87026,TPP
C88010,TPP
C88011,TPP
D82005,TPP
D82062,EMIS
D83012,TPP
E81076,TPP
E86629,EMIS
G82025,EMIS
F81125,TPP
F86700,EMIS
G82062,EMIS
G85134,EMIS
H82007,TPP
K81657,EMIS
K84013,EMIS
L85039,EMIS
M84059,EMIS
M84060,EMIS
M87025,EMIS
N81645,TPP
N83013,EMIS
P81036,EMIS
P81730,EMIS
A81019,TPP
A83034,TPP
A83036,TPP
C81006,TPP
C82019,TPP
C83015,TPP
C84692,EMIS
D82034,TPP
E82089,TPP
E84032,EMIS
E84078,EMIS
E87037,TPP
F82016,EMIS
F84025,EMIS
F84749,EMIS
G82226,EMIS
H81071,EMIS
J81010,TPP
K81068,EMIS
K81087,EMIS
K82011,EMIS
L83030,TPP
L85609,EMIS
M83049,EMIS
M83637,EMIS
M84009,EMIS
M87620,EMIS
M91024,EMIS
N82095,EMIS
Y01057,EMIS
Y02378,EMIS
Y05369,TPP
A81048,TPP
A82613,EMIS
B81038,EMIS
B81040,TPP
C84114,TPP
D83059,TPP
D83067,TPP
E81013,TPP
E85633,TPP
G85711,EMIS
H82009,EMIS
H83013,EMIS
J82080,EMIS
K83053,EMIS
L83051,TPP
M82012,EMIS
M85782,EMIS
M86030,EMIS
M88041,TPP
M91036,EMIS
N81077,EMIS
P81683,EMIS
P82015,TPP
A82620,EMIS
A85021,EMIS
C82010,TPP
C84085,EMIS
D83078,TPP
E82657,EMIS
E85083,TPP
E86626,EMIS
F81222,TPP
H81133,EMIS
F86731,EMIS
K81085,EMIS
K81656,EMIS
K84052,EMIS
N81607,EMIS
N82090,EMIS
N82099,EMIS
P81208,EMIS
P83024,EMIS
A83028,EMIS
A82654,EMIS
A86025,EMIS
B82100,TPP
B83018,TPP
B86623,TPP
C83019,TPP
C85033,EMIS
C88031,TPP
D81622,TPP
E81045,TPP
F81036,TPP
F85063,EMIS
G81032,EMIS
G82224,EMIS
G84604,EMIS
G85013,EMIS
H81641,EMIS
J81076,TPP
J81637,TPP
K81089,EMIS
M83146,EMIS
M85694,EMIS
P91631,EMIS
Y00185,TPP
B81658,TPP
B82033,TPP
B86658,TPP
C81048,TPP
C85019,EMIS
C87002,TPP
C87620,TPP
D81017,TPP
E85693,TPP
E87740,TPP
F81126,TPP
F84003,EMIS
G81007,EMIS
G81694,EMIS
H82043,TPP
J81035,TPP
J83039,TPP
L82068,EMIS
M84046,EMIS
M88620,EMIS
A82028,EMIS
A83022,TPP
B86060,TPP
C81040,TPP
C81041,TPP
C81064,TPP
C82024,TPP
D82106,TPP
D82618,TPP
D83074,TPP
E86014,EMIS
E87742,TPP
F81025,TPP
F82009,EMIS
F83059,EMIS
F85030,EMIS
F85666,EMIS
G82042,EMIS
G83631,EMIS
G85057,EMIS
H81015,EMIS
H81050,EMIS
J81609,TPP
K84065,EMIS
L81010,TPP
L81022,EMIS
L81034,EMIS
L81123,TPP
L82043,EMIS
M81091,EMIS
M83139,EMIS
Y00278,EMIS
Y03103,EMIS
Y04969,EMIS
Y06545,EMIS
A85009,EMIS
A85011,EMIS
B87004,TPP
B87013,TPP
D82047,TPP
E82048,EMIS
E82068,EMIS
E85649,TPP
F83673,EMIS
F81741,TPP
F84670,EMIS
F85043,EMIS
G82091,EMIS
G82604,EMIS
G85026,EMIS
J82122,TPP
L82620,EMIS
M81040,EMIS
M81078,EMIS
M85087,TPP
M88600,TPP
N82009,EMIS
N82078,EMIS
N84002,EMIS
N85047,EMIS
P81128,EMIS
P81184,EMIS
P84059,EMIS
Y02322,EMIS
Y04273,EMIS
Y05622,TPP
A84038,TPP
B86010,TPP
B86034,TPP
B86038,TPP
B86057,TPP
B86625,TPP
C88045,TPP
C88088,EMIS
E84699,EMIS
E85014,TPP
E85060,TPP
E86004,EMIS
G82041,EMIS
F84062,EMIS
F86044,EMIS
J82134,EMIS
J82138,EMIS
K82008,EMIS
L81040,EMIS
L82028,TPP
M81057,EMIS
M84043,EMIS
M85019,EMIS
M88031,EMIS
N83015,EMIS
N83030,EMIS
P81123,EMIS
P82012,EMIS
P83006,EMIS
B83016,TPP
B86035,TPP
B86096,TPP
C85001,TPP
D81001,TPP
D82004,TPP
E84681,EMIS
E85109,TPP
F82001,EMIS
G81014,EMIS
G81082,EMIS
G82162,EMIS
G84627,EMIS
H82052,EMIS
J82033,EMIS
J83018,TPP
K81644,EMIS
M81021,EMIS
M83698,EMIS
N83009,EMIS
A82024,EMIS
A87007,TPP
B86028,TPP
C84064,TPP
C84123,TPP
D81016,TPP
D82042,EMIS
F84093,EMIS
G83060,EMIS
G85015,EMIS
H82100,EMIS
H84048,EMIS
J82017,EMIS
J83006,EMIS
M84618,EMIS
M86610,EMIS
M87023,EMIS
B86025,TPP
C84025,TPP
C84087,TPP
E86015,EMIS
E87663,TPP
F81183,TPP
F85013,EMIS
F86023,EMIS
G84009,EMIS
H83053,EMIS
H85682,EMIS
J81003,TPP
J82129,EMIS
K83031,EMIS
M82606,EMIS
N82115,EMIS
N84615,EMIS
P91629,EMIS
A81065,TPP
B82019,TPP
B86016,TPP
C87616,TPP
D81041,TPP
E83657,EMIS
E84656,EMIS
G85129,EMIS
G82129,EMIS
J81019,TPP
J82079,EMIS
K81040,EMIS
K82054,TPP
L81600,EMIS
L84030,TPP
M85113,TPP
N81016,EMIS
N84021,EMIS
P81041,EMIS
Y00228,EMIS
B81029,EMIS
B82088,TPP
B83002,TPP
B85016,TPP
C86033,EMIS
D83081,TPP
E84653,EMIS
E87008,TPP
H81023,EMIS
H81029,EMIS
H83037,EMIS
H85112,EMIS
K83070,EMIS
M83697,EMIS
M85136,EMIS
N81086,EMIS
N84026,EMIS
P84022,EMIS
Y00265,EMIS
Y00560,TPP
Y01050,EMIS
A81016,TPP
A83010,TPP
B81026,TPP
B82091,TPP
B83617,TPP
B86050,TPP
C81083,TPP
C83051,TPP
C83056,TPP
C84136,EMIS
C85004,EMIS
E83027,EMIS
E83053,EMIS
H82003,EMIS
F86702,EMIS
G82796,EMIS
H81134,EMIS
H81642,EMIS
H85665,EMIS
J82208,TPP
J83042,TPP
K84058,EMIS
L82003,EMIS
M84013,EMIS
M85699,EMIS
N81066,EMIS
N85023,EMIS
P81185,EMIS
P82002,TPP
P85610,EMIS
P87657,EMIS
P88009,EMIS
P91035,EMIS
Y00020,EMIS
Y01280,EMIS
Y05286,TPP
B81087,TPP
B86643,TPP
C84629,TPP
E84011,EMIS
E84068,EMIS
E85023,TPP
F81106,TPP
H83024,EMIS
K81006,EMIS
K82067,TPP
K84056,EMIS
L82045,TPP
L84026,TPP
L84060,TPP
L85032,EMIS
M81018,EMIS
M81616,EMIS
M83075,EMIS
N82036,EMIS
P84026,EMIS
A88012,EMIS
B82007,TPP
B84014,TPP
C81022,TPP
C83031,TPP
C84029,TPP
E85656,TPP
F81144,TPP
F82018,EMIS
F83050,EMIS
F83064,EMIS
F84729,EMIS
G82679,EMIS
H82026,TPP
K83005,EMIS
L81042,EMIS
M82047,EMIS
M84042,EMIS
M85053,EMIS
M85060,TPP
M85600,EMIS
M86004,EMIS
P82022,EMIS
P84035,EMIS
P84072,EMIS
P87017,EMIS
P92634,EMIS
Y00996,EMIS
Y03597,EMIS
A84011,EMIS
B82010,TPP
C82119,TPP
C88052,TPP
D82078,TPP
E84074,EMIS
E84645,EMIS
E85736,TPP
F81089,TPP
F81186,TPP
G83009,EMIS
F85033,EMIS
F86004,TPP
G82014,EMIS
G82105,EMIS
G82605,EMIS
H81130,EMIS
L81632,EMIS
L83085,EMIS
M83050,EMIS
M84062,EMIS
P85022,EMIS
P92646,EMIS
Y00471,EMIS
B81119,TPP
B83052,TPP
B86067,TPP
C82034,EMIS
C82041,TPP
C83036,EMIS
C83057,TPP
C84069,TPP
C86001,TPP
F81619,TPP
F86020,EMIS
G82089,EMIS
G82164,EMIS
G84024,EMIS
J81013,TPP
J81078,TPP
J82207,EMIS
K81046,EMIS
L83041,TPP
M81047,EMIS
M81604,EMIS
M85002,TPP
N81009,EMIS
P88003,EMIS
A89036,EMIS
C87006,TPP
C88040,TPP
E82015,EMIS
G82079,EMIS
G81071,EMIS
G85076,EMIS
H81129,EMIS
H84055,EMIS
M85722,CEGEDIM
M86016,EMIS
M87617,EMIS
Y02476,EMIS
A86030,TPP
B85634,TPP
B85640,TPP
C82078,TPP
C82080,TPP
C83062,TPP
C83067,TPP
D81081,TPP
E85708,TPP
E86012,EMIS
F81046,TPP
F84714,EMIS
G82139,EMIS
G84004,EMIS
H83033,EMIS
H85691,EMIS
J82132,EMIS
K83010,TPP
L82036,EMIS
L82044,EMIS
M81056,EMIS
M82038,EMIS
M84006,EMIS
M85051,EMIS
M87003,EMIS
M92044,EMIS
N82050,EMIS
P88615,EMIS
A82018,EMIS
C82116,TPP
C83013,TPP
C88022,TPP
D83013,TPP
D83049,TPP
E81021,TPP
E82111,TPP
E87066,TPP
F81104,TPP
G81048,EMIS
G82016,EMIS
H84042,EMIS
H85027,EMIS
J83004,TPP
L84068,TPP
M84620,EMIS
M85025,EMIS
N83637,EMIS
Y02676,EMIS
A81026,TPP
A81067,TPP
A82022,EMIS
A85007,EMIS
B86015,TPP
C81007,TPP
C86616,TPP
E84006,EMIS
E85088,TPP
E85090,TPP
E87002,TPP
H81089,EMIS
G85736,EMIS
J82101,EMIS
K84605,EMIS
L81643,EMIS
L83056,TPP
M84032,EMIS
M85034,TPP
N82011,EMIS
P81692,EMIS
Y05733,TPP
A88004,EMIS
B82049,TPP
C82100,TPP
E81034,TPP
E84704,EMIS
E87046,TPP
E87694,TPP
E87753,TPP
E87755,TPP
G82100,EMIS
F82607,EMIS
F82671,EMIS
F83018,EMIS
F84055,EMIS
F84672,EMIS
F86083,EMIS
H83031,EMIS
K82017,EMIS
K82024,EMIS
K84059,EMIS
L84034,TPP
L84058,TPP
M87041,EMIS
M88013,TPP
M92040,EMIS
N82067,EMIS
P84016,EMIS
P84071,EMIS
Y00260,TPP
Y01163,EMIS
Y02701,TPP
A83029,EMIS
A83051,TPP
B82080,EMIS
B83067,TPP
B86071,TPP
C81061,TPP
C82659,TPP
C84013,TPP
C84061,TPP
C88023,TPP
E83041,EMIS
F81156,TPP
H85111,EMIS
M85145,EMIS
M88019,TPP
N84012,EMIS
P81042,EMIS
P82008,TPP
P83605,EMIS
Y07059,TPP
A81058,EMIS
B81060,TPP
P92008,EMIS
Y02811,EMIS
E83017,EMIS
B83629,TPP
D82600,EMIS
E82106,EMIS
E87009,TPP
E87741,TPP
F83658,EMIS
F84118,EMIS
F86703,EMIS
G81076,TPP
G81614,TPP
J82154,EMIS
K82015,TPP
K83622,TPP
L83027,EMIS
M83065,EMIS
M86624,EMIS
P85026,EMIS
A85614,EMIS
B82098,TPP
C81027,TPP
C82064,TPP
C83052,TPP
C86006,EMIS
D82072,EMIS
E85636,TPP
F82005,EMIS
F82031,EMIS
F86607,EMIS
G82023,EMIS
H81082,EMIS
H81104,EMIS
H85067,EMIS
L81120,EMIS
M81094,EMIS
M83038,EMIS
N81025,EMIS
N82641,EMIS
N83043,EMIS
N83053,EMIS
N84008,EMIS
P82001,EMIS
P82634,TPP
P83004,EMIS
P84041,EMIS
P89029,EMIS
A83015,TPP
B81616,TPP
B82030,TPP
B82054,TPP
B85022,EMIS
C82030,TPP
C82053,TPP
C82627,TPP
C86025,TPP
E82019,TPP
F81193,TPP
F81665,TPP
G82112,EMIS
H82017,TPP
L82006,TPP
L83048,TPP
L83096,TPP
M83022,EMIS
M84001,EMIS
M88647,EMIS
N82048,EMIS
P82014,EMIS
Y02827,EMIS
Y03222,TPP
A86027,EMIS
B86055,EMIS
C85030,EMIS
E84028,EMIS
E84617,EMIS
E85680,TPP
E86016,EMIS
G82026,EMIS
G82053,EMIS
G82737,EMIS
K81014,EMIS
L82038,EMIS
L82057,TPP
M83094,EMIS
N82662,EMIS
N82663,EMIS
N83018,EMIS
N84020,EMIS
P81076,EMIS
P81214,EMIS
P81742,EMIS
P88017,EMIS
Y01756,EMIS
Y02414,EMIS
Y04957,TPP
A84040,EMIS
C84101,TPP
D82041,TPP
F84097,EMIS
G81088,TPP
G82681,EMIS
H83011,EMIS
J82201,EMIS
K81022,EMIS
K83080,EMIS
K83610,TPP
L82061,TPP
L83035,TPP
L83116,TPP
L84036,TPP
M83079,EMIS
M83715,EMIS
M85061,TPP
M92627,EMIS
N82116,EMIS
N82678,EMIS
P81694,EMIS
P86620,EMIS
A82071,EMIS
A83032,TPP
A88022,EMIS
B81058,TPP
B83014,TPP
B83051,TPP
D81055,TPP
D81057,TPP
E86618,EMIS
F81082,TPP
G82165,EMIS
H81615,EMIS
H85110,EMIS
J81066,TPP
J81070,TPP
K83025,TPP
L81670,EMIS
L83002,TPP
L83666,TPP
L84075,TPP
M86021,EMIS
P89011,EMIS
P92020,EMIS
Y01652,TPP
Y02636,EMIS
A84007,TPP
A84045,TPP
C81003,EMIS
C83048,TPP
E81635,TPP
E82046,EMIS
E82133,TPP
E83024,EMIS
E83035,EMIS
E84684,EMIS
G82229,EMIS
J82128,TPP
L81054,EMIS
M83088,EMIS
M83125,EMIS
M84612,EMIS
M88021,TPP
N83012,EMIS
N83033,EMIS
Y01812,TPP
Y02625,EMIS
B82072,EMIS
A81030,TPP
A86024,EMIS
A89025,EMIS
C81062,TPP
E87016,TPP
F81010,TPP
F81037,TPP
F81048,EMIS
F81131,EMIS
F84031,EMIS
G84025,EMIS
G85051,EMIS
H81040,EMIS
H84057,EMIS
L85018,EMIS
M81054,EMIS
M86041,EMIS
N81051,EMIS
N84023,EMIS
A83070,TPP
B81075,EMIS
B82073,TPP
B87022,TPP
C84086,TPP
C88076,EMIS
C88631,EMIS
D82022,TPP
D82054,TPP
D83055,EMIS
E84086,EMIS
F81137,TPP
G82013,EMIS
G82234,EMIS
H83001,EMIS
H85001,EMIS
J83049,TPP
K83068,TPP
K84060,EMIS
M81041,EMIS
M83122,EMIS
M83608,EMIS
M87018,EMIS
N81119,EMIS
N83007,EMIS
N84025,EMIS
P81664,EMIS
P89010,EMIS
Y02684,TPP
B81619,EMIS
B82013,TPP
B85650,TPP
C83005,TPP
C84094,TPP
C88005,TPP
E83010,EMIS
E85115,TPP
E85659,TPP
E86637,EMIS
F81757,EMIS
F84739,EMIS
J83630,TPP
K82053,EMIS
K83043,TPP
K83051,TPP
L84025,EMIS
L84616,TPP
M82016,EMIS
M84049,EMIS
M88040,EMIS
M89024,TPP
N81027,EMIS
N84038,EMIS
P91021,EMIS
A82036,EMIS
A83025,TPP
A83626,TPP
A84020,TPP
B85036,TPP
B87604,TPP
C82650,EMIS
E82012,EMIS
E85020,TPP
G85137,EMIS
H81119,EMIS
F86008,EMIS
G84041,EMIS
H81132,EMIS
H82037,TPP
H84062,EMIS
J82126,EMIS
J82183,TPP
K84054,EMIS
M81008,EMIS
M87011,EMIS
P81027,EMIS
P88041,EMIS
A82070,EMIS
A84027,TPP
A88007,EMIS
B85012,TPP
C83009,TPP
C83028,TPP
E84638,EMIS
G83058,EMIS
F86689,EMIS
G82036,EMIS
G82106,EMIS
J82022,TPP
J82073,TPP
K83037,TPP
K84080,EMIS
L81030,TPP
L81094,EMIS
M85016,TPP
N81060,EMIS
N85031,EMIS
P82025,TPP
P84049,EMIS
P84673,EMIS
P86013,EMIS
Y00137,TPP
A81001,TPP
A81022,TPP
A83634,TPP
C81080,EMIS
C84060,TPP
C88072,TPP
E82040,TPP
E82115,TPP
H81055,EMIS
F83680,EMIS
F84635,EMIS
H81065,EMIS
H81080,EMIS
H82084,EMIS
J82102,TPP
J82184,EMIS
K81616,EMIS
K82001,EMIS
K83022,EMIS
L85056,EMIS
M81035,EMIS
M85081,EMIS
M85088,EMIS
M87014,EMIS
M87628,EMIS
M88009,TPP
M92654,EMIS
N81632,EMIS
N85025,EMIS
P81088,EMIS
P83015,EMIS
P84650,EMIS
P86017,EMIS
A83046,TPP
B81118,EMIS
C82044,TPP
C84656,TPP
C88077,TPP
E83020,EMIS
F84636,EMIS
G82121,EMIS
G82227,EMIS
H84051,EMIS
L82042,EMIS
M81043,EMIS
M83713,EMIS
M84010,EMIS
M85047,EMIS
M85056,EMIS
M85105,EMIS
P91011,EMIS
Y06659,TPP
A81020,TPP
A81052,TPP
A88006,EMIS
B86075,TPP
C83007,TPP
C83053,TPP
C84074,TPP
E82643,EMIS
E85112,TPP
G83027,EMIS
G83015,EMIS
H83018,EMIS
H83022,EMIS
K84044,EMIS
L83115,TPP
N83020,EMIS
Y00328,TPP
Y02672,TPP
Y04664,EMIS
Y07060,TPP
A84030,TPP
B81112,EMIS
D82604,TPP
E81040,TPP
E84053,EMIS
E87711,TPP
F81690,TPP
F81697,TPP
F83006,EMIS
F84096,EMIS
F86638,TPP
G82060,EMIS
H82046,TPP
H83049,EMIS
K81082,EMIS
K84021,EMIS
L83052,EMIS
L83134,TPP
L83148,TPP
L85013,EMIS
M83619,TPP
M85794,EMIS
N81655,EMIS
N84005,EMIS
P81096,EMIS
Y02572,TPP
A82033,EMIS
B81024,EMIS
B81628,EMIS
B82086,EMIS
C83614,EMIS
D81030,TPP
E82063,TPP
E85735,TPP
E86022,EMIS
E86029,EMIS
F82010,EMIS
F85688,EMIS
J82059,EMIS
J82628,EMIS
K83014,TPP
L83012,TPP
M85071,EMIS
M88020,EMIS
M89010,TPP
N81080,EMIS
N83025,EMIS
N85044,EMIS
P81125,EMIS
P81191,EMIS
P88011,EMIS
Y00186,EMIS
Y02747,TPP
A83033,TPP
B82053,TPP
C82102,EMIS
C84024,TPP
C84033,TPP
D81031,TPP
E83668,EMIS
E85127,TPP
F81192,TPP
G83016,EMIS
H82012,TPP
H82047,TPP
J81041,TPP
J82174,EMIS
J82639,EMIS
J83009,TPP
K81080,EMIS
L83015,EMIS
L84007,TPP
M81629,EMIS
M83111,EMIS
M85063,TPP
M87012,EMIS
M92042,EMIS
N82033,EMIS
P81107,EMIS
P81132,EMIS
A83061,TPP
B82038,TPP
C82070,TPP
C82680,TPP
D81046,TPP
E82079,TPP
E82121,TPP
E84051,EMIS
E85019,TPP
E85107,TPP
E86020,EMIS
F82013,EMIS
F86013,TPP
G84040,EMIS
J81059,TPP
K81074,EMIS
K84011,EMIS
K84041,EMIS
K84045,EMIS
K84624,EMIS
L85027,EMIS
M83668,EMIS
M84064,EMIS
N84001,EMIS
P81044,EMIS
P84009,EMIS
P86018,EMIS
Y02519,TPP
A86010,TPP
B81656,TPP
C86017,TPP
D81618,TPP
E82038,TPP
E85045,TPP
E85048,TPP
F83624,EMIS
F86038,EMIS
H82021,TPP
H84014,EMIS
J84004,TPP
L81649,EMIS
L82049,TPP
L84004,TPP
L85010,EMIS
M87605,EMIS
M91007,EMIS
N81049,EMIS
N83619,EMIS
N84627,EMIS
P81043,EMIS
P84626,EMIS
P89618,EMIS
P91008,EMIS
Y00159,EMIS
Y00969,EMIS
C88021,TPP
C88050,TPP
D81042,TPP
F85035,EMIS
F86652,EMIS
G85022,EMIS
H82044,TPP
J83052,TPP
K81077,EMIS
K81633,EMIS
L82059,TPP
L83081,TPP
L83106,TPP
M81004,EMIS
M85142,EMIS
M91619,EMIS
M92009,EMIS
P81008,EMIS
P83603,EMIS
P88014,EMIS
P88623,EMIS
Y02847,TPP
Y06487,TPP
B82045,TPP
B82057,TPP
B83039,TPP
B86033,TPP
D83041,TPP
E84685,EMIS
F82612,EMIS
F84052,EMIS
F84619,EMIS
G81011,TPP
G82228,EMIS
H82077,TPP
J82605,TPP
K82060,TPP
L83100,TPP
L85020,EMIS
M85007,EMIS
N84043,EMIS
P82036,EMIS
Y02807,TPP
A87612,TPP
B81027,TPP
B86009,TPP
C81068,TPP
C81081,EMIS
C83042,TPP
D81637,TPP
E81018,TPP
E82007,TPP
E82123,TPP
F81080,TPP
F83058,EMIS
H81116,EMIS
H82053,EMIS
H85033,EMIS
J81049,TPP
J81058,TPP
J82149,TPP
K84042,EMIS
M87034,EMIS
M91640,EMIS
N82107,EMIS
N83001,EMIS
N83014,EMIS
P89005,EMIS
P92015,EMIS
A82650,EMIS
A84042,EMIS
A85024,EMIS
C88096,TPP
D82057,EMIS
E86605,EMIS
F82040,EMIS
F84010,EMIS
F84119,EMIS
J82024,TPP
K81005,EMIS
M86006,EMIS
P81138,EMIS
A89030,EMIS
B81015,TPP
B81039,TPP
B81046,TPP
B83008,TPP
B85037,TPP
B85041,TPP
B85062,EMIS
B86005,TPP
B86068,EMIS
B87009,TPP
C81004,EMIS
C82052,TPP
C84010,TPP
C88073,TPP
E83045,EMIS
E85049,TPP
G83065,EMIS
K83607,TPP
F82648,EMIS
G81085,EMIS
H81002,EMIS
H82006,TPP
H82067,TPP
H83043,EMIS
J81086,TPP
J82012,EMIS
J82135,EMIS
K81047,EMIS
K81075,EMIS
K84024,EMIS
L81016,EMIS
L85006,EMIS
M83034,EMIS
M86003,EMIS
M86622,EMIS
N82091,EMIS
P81074,EMIS
P81201,EMIS
P82004,TPP
P83011,EMIS
P86008,EMIS
Y01132,EMIS
Y02469,TPP
Y02721,EMIS
A85013,EMIS
A88001,EMIS
B87602,TPP
C81045,TPP
C81110,TPP
C81649,TPP
C84008,EMIS
D82058,TPP
D83010,TPP
E82018,TPP
E84025,EMIS
E84676,EMIS
H82061,EMIS
G81073,TPP
H81013,EMIS
H81047,EMIS
H84630,EMIS
J82018,EMIS
J83601,TPP
K83035,TPP
L81669,EMIS
L85035,EMIS
M83108,TPP
M87009,EMIS
M88626,TPP
M91019,EMIS
N82026,EMIS
N83620,EMIS
N85003,EMIS
N85007,EMIS
N85013,EMIS
P81179,EMIS
P92626,EMIS
Y02842,TPP
B85030,TPP
C82628,TPP
C83018,TPP
E82032,EMIS
F83652,EMIS
F84718,EMIS
F85676,EMIS
G81065,TPP
G81100,TPP
G81638,TPP
G83039,EMIS
G85020,EMIS
L81066,EMIS
L84077,TPP
M81093,EMIS
M88625,EMIS
N85022,EMIS
A89013,EMIS
C86026,EMIS
E85035,TPP
F84717,EMIS
G84609,EMIS
G85716,EMIS
H81058,EMIS
H82031,TPP
H84059,EMIS
J83047,TPP
K81042,EMIS
K84010,EMIS
L83084,TPP
M83725,EMIS
M88016,TPP
M92640,EMIS
N81037,EMIS
N82058,EMIS
P92642,TPP
Y06345,EMIS
A84005,TPP
A84614,EMIS
C81059,TPP
C82092,TPP
E84058,EMIS
E85681,TPP
E86001,EMIS
F81011,TPP
F81149,TPP
F86657,TPP
G82018,EMIS
G82080,EMIS
G82119,EMIS
G82123,EMIS
G82753,EMIS
G82780,EMIS
H84012,EMIS
H84060,EMIS
L81047,EMIS
L82008,TPP
L83075,TPP
L83089,TPP
M91014,EMIS
M92014,EMIS
N81125,EMIS
N83047,EMIS
P81707,EMIS
P91014,EMIS
A83009,EMIS
B82071,TPP
B86673,TPP
C81113,TPP
C86012,TPP
D81025,EMIS
D81060,EMIS
E85640,TPP
F81649,TPP
F82053,EMIS
H82020,TPP
H83017,EMIS
H84635,EMIS
K83008,TPP
L81084,EMIS
L83004,TPP
L84073,TPP
L85055,EMIS
M81039,EMIS
M83727,EMIS
M85077,EMIS
N81062,EMIS
N82024,EMIS
P88018,EMIS
E83038,EMIS
A82006,EMIS
C82079,TPP
D82046,TPP
D83035,TPP
E86620,EMIS
F81740,TPP
F84640,EMIS
G85047,EMIS
J82217,TPP
L83031,TPP
L84006,TPP
L84615,TPP
N82052,EMIS
P85011,EMIS
Y03663,EMIS
C81025,EMIS
D82065,EMIS
D83037,TPP
F81623,TPP
F82625,EMIS
F82666,EMIS
F84047,EMIS
G81031,EMIS
G81038,EMIS
G83025,EMIS
G83057,EMIS
J81073,TPP
K82615,TPP
M81042,EMIS
M83004,EMIS
M83037,EMIS
M84007,EMIS
M88042,TPP
N81054,EMIS
N85027,EMIS
P81770,EMIS
P82640,EMIS
P83017,EMIS
P84640,EMIS
A82031,EMIS
A82032,EMIS
B85620,TPP
B86654,TPP
C83041,TPP
C84046,TPP
D81018,TPP
E82027,EMIS
E84039,EMIS
E85739,TPP
F81076,TPP
G85105,EMIS
F85016,EMIS
G84030,EMIS
H81010,EMIS
H82063,EMIS
J81067,TPP
K82030,EMIS
L81117,EMIS
L85051,EMIS
M81006,EMIS
M83007,EMIS
M83035,EMIS
M88038,TPP
P81086,EMIS
Y00437,EMIS
Y02736,EMIS
Y07025,TPP
A81611,EMIS
A81633,TPP
A89009,EMIS
B84011,EMIS
B86008,EMIS
C81087,TPP
C84028,TPP
C84053,TPP
C84072,TPP
E82093,TPP
E82100,TPP
E84680,EMIS
E87029,TPP
F81652,TPP
F86045,EMIS
G84015,EMIS
H81087,EMIS
K81055,EMIS
K83027,TPP
L83024,EMIS
M84615,EMIS
M85735,EMIS
N81005,EMIS
P81695,EMIS
P86608,EMIS
Y00078,EMIS
Y02589,TPP
A81063,TPP
A85018,EMIS
B81035,TPP
C82031,TPP
D82007,TPP
D82063,TPP
E81044,TPP
E84018,EMIS
E85713,TPP
G85695,EMIS
F81633,EMIS
F81746,TPP
F84730,EMIS
G85633,EMIS
J82199,TPP
L85061,EMIS
M81044,EMIS
M83023,EMIS
M92010,EMIS
P81054,EMIS
P81069,EMIS
P92647,TPP
A83610,TPP
B87012,TPP
C81054,TPP
E82045,EMIS
F81069,TPP
G83053,EMIS
F81666,TPP
F84620,EMIS
F86698,EMIS
G85726,EMIS
H84044,EMIS
H85003,EMIS
J82054,EMIS
L81062,EMIS
L84005,TPP
M85757,EMIS
M91642,EMIS
N82646,EMIS
P81084,EMIS
P81701,EMIS
Y05690,TPP
Y06007,TPP
A82038,EMIS
B81635,TPP
C82012,TPP
E82654,TPP
E87733,TPP
F81062,TPP
G83021,EMIS
G81037,TPP
G84010,EMIS
K81003,EMIS
K82078,EMIS
L83657,TPP
L85047,EMIS
M81055,EMIS
M83132,EMIS
M85803,EMIS
M86638,EMIS
N81056,TPP
N81064,EMIS
P81092,EMIS
P82005,TPP
P85016,EMIS
P86003,EMIS
P89609,EMIS
A81014,TPP
B82077,TPP
C82088,TPP
C87008,TPP
D81044,TPP
D82018,TPP
D82049,EMIS
D82064,TPP
E84674,EMIS
E86019,EMIS
F85061,EMIS
G82141,EMIS
H82013,TPP
K84051,EMIS
L83045,TPP
L83607,EMIS
M85033,EMIS
M86048,EMIS
M91623,EMIS
N82002,EMIS
P84639,EMIS
Y01794,TPP
Y02720,EMIS
A81013,TPP
A82020,EMIS
A85006,EMIS
A89012,EMIS
A89027,EMIS
C81029,TPP
C81652,TPP
C84065,TPP
C86015,EMIS
C88622,TPP
E85033,TPP
E87648,TPP
F81014,TPP
G84006,EMIS
F85675,EMIS
H82099,TPP
H84007,EMIS
L82007,EMIS
L82013,TPP
M82017,EMIS
M85048,EMIS
M91602,EMIS
N84617,EMIS
N85012,EMIS
P85004,EMIS
P87024,EMIS
A84013,TPP
C81042,TPP
C83011,TPP
D81002,TPP
D82028,EMIS
E84003,EMIS
E84069,EMIS
F84710,EMIS
G81046,EMIS
H85031,EMIS
M82056,EMIS
M83130,EMIS
M85079,TPP
M91009,EMIS
N81010,EMIS
N81046,EMIS
N82664,EMIS
P83608,EMIS
P88019,EMIS
P92635,CEGEDIM
A83026,EMIS
A82016,EMIS
A83635,TPP
B82031,EMIS
C84105,EMIS
C88078,TPP
D81049,TPP
D82010,TPP
G82067,EMIS
G82650,EMIS
F85682,EMIS
G83067,EMIS
H83039,EMIS
J82074,TPP
J82646,EMIS
K81076,EMIS
K83039,TPP
L83076,TPP
L83147,TPP
L84052,TPP
L85607,EMIS
M82059,EMIS
M83110,EMIS
M92012,EMIS
M92026,EMIS
N81053,EMIS
P83005,EMIS
P88042,EMIS
C81655,TPP
C84080,TPP
C87606,TPP
E84062,EMIS
H82056,EMIS
F81006,TPP
F83032,EMIS
F84074,EMIS
H83609,EMIS
H85063,EMIS
H85088,EMIS
J82083,EMIS
M83067,TPP
M83693,EMIS
P81150,EMIS
P84018,EMIS
P84047,EMIS
P85615,EMIS
B82068,TPP
B82104,TPP
B85009,TPP
B85058,TPP
C84019,TPP
C84023,EMIS
C86037,TPP
D83030,TPP
F83681,EMIS
G82219,EMIS
F82023,EMIS
G82028,EMIS
G82697,EMIS
H85656,EMIS
H85680,EMIS
J81014,TPP
J82001,TPP
L81024,EMIS
L81039,TPP
L81095,EMIS
L83059,TPP
L83071,EMIS
M85086,EMIS
N81107,EMIS
N83055,EMIS
P81063,EMIS
P82034,EMIS
P92024,TPP
Y02692,EMIS
A81021,EMIS
A82044,EMIS
A86026,TPP
C81049,EMIS
C82667,TPP
C84037,TPP
C84055,TPP
C87030,TPP
G83004,EMIS
F82012,EMIS
F86064,EMIS
G82212,EMIS
H81103,EMIS
K81020,EMIS
L81013,EMIS
L84021,TPP
M81009,EMIS
M83032,EMIS
M83650,EMIS
M85170,TPP
M88043,TPP
N82650,EMIS
P86010,EMIS
P87016,EMIS
P88012,EMIS
Y00446,EMIS
A83043,TPP
B81642,TPP
B83037,TPP
C81051,TPP
C82043,EMIS
C88007,TPP
D81043,TPP
E82008,TPP
E84024,EMIS
E85657,TPP
E87665,TPP
F81158,TPP
G82076,EMIS
G82154,EMIS
J81625,TPP
L83146,TPP
L84047,TPP
M83042,TPP
M84017,EMIS
M84034,EMIS
M86044,EMIS
M91624,EMIS
N82109,EMIS
P81022,EMIS
P81738,EMIS
A82064,EMIS
B83062,TPP
B85023,TPP
B86020,TPP
C81097,TPP
D82030,TPP
D83061,TPP
F81053,EMIS
G83641,EMIS
H81033,EMIS
H81613,EMIS
L81051,EMIS
L83083,TPP
L83113,EMIS
L83120,TPP
L84011,TPP
L84018,TPP
L84085,TPP
M88010,TPP
M88640,TPP
N82092,EMIS
P82006,EMIS
P84669,EMIS
Y06810,TPP
A81056,TPP
A83018,TPP
A89018,EMIS
B81003,TPP
C81662,TPP
C82076,TPP
C83083,TPP
C86038,TPP
C86614,TPP
C88037,TPP
C88652,TPP
D82071,TPP
E86007,EMIS
F82619,EMIS
H81028,TPP
J81082,TPP
J82041,EMIS
J82181,EMIS
J82640,EMIS
L82066,EMIS
M85026,EMIS
M85715,EMIS
M88643,TPP
P83007,EMIS
P85007,EMIS
P89012,EMIS
A83066,TPP
A87006,TPP
B81665,TPP
B86044,EMIS
B86092,TPP
C81013,TPP
C83631,TPP
C88006,TPP
G85046,EMIS
J81021,TPP
K81030,EMIS
K84618,EMIS
M82018,EMIS
M85043,EMIS
M87618,EMIS
M88022,TPP
M91626,EMIS
N81028,TPP
N82671,EMIS
N85014,EMIS
N85633,EMIS
P85014,EMIS
Y00080,EMIS
Y02520,EMIS
Y05167,TPP
A81045,TPP
A83008,TPP
A87020,TPP
B83611,TPP
B85051,TPP
C82018,TPP
C84076,TPP
E82069,EMIS
E87677,TPP
F81105,TPP
G82799,EMIS
F81173,TPP
F81674,TPP
G85042,EMIS
J82120,EMIS
K81102,EMIS
L81008,EMIS
N85021,EMIS
P86002,EMIS
P86011,EMIS
P89030,EMIS
P89612,EMIS
P92016,TPP
Y02656,TPP
B82075,TPP
B83025,TPP
B85026,TPP
B86103,TPP
C86022,TPP
C88648,TPP
D83008,TPP
E87045,TPP
F85046,EMIS
G83062,EMIS
F81108,TPP
G82092,EMIS
H82078,TPP
H84027,EMIS
H85005,EMIS
H85105,EMIS
J82087,TPP
L82618,EMIS
L85064,EMIS
M85018,EMIS
M85042,EMIS
M91015,EMIS
M91609,EMIS
N81013,EMIS
P81014,EMIS
P84056,EMIS
P86624,EMIS
Y02321,EMIS
E83050,EMIS
A83012,TPP
A83014,TPP
A83027,TPP
A85019,EMIS
C81075,TPP
C84682,TPP
D82016,TPP
E81027,TPP
F85615,EMIS
F86066,EMIS
G81669,TPP
H81085,EMIS
H81131,EMIS
H82059,TPP
H84005,EMIS
J81634,TPP
J82125,EMIS
J83031,TPP
M83102,EMIS
M85115,EMIS
M85624,EMIS
M88007,EMIS
N81002,EMIS
P81099,EMIS
P81170,EMIS
P82018,EMIS
P82037,EMIS
P91007,EMIS
M92019,EMIS
N81083,TPP
P81057,EMIS
P83611,EMIS
P84010,EMIS
P86012,EMIS
P92615,TPP
Y00060,EMIS
A83636,TPP
A87600,TPP
B81005,TPP
B83010,TPP
B86018,TPP
C82001,TPP
C82094,TPP
D82015,TPP
D83029,TPP
E82064,EMIS
F85634,EMIS
G82083,EMIS
F82686,EMIS
F86626,EMIS
G81656,EMIS
G82069,EMIS
H81007,EMIS
H81095,EMIS
K81002,EMIS
M82007,EMIS
P84635,EMIS
Y02900,TPP
Y07057,TPP
A89015,EMIS
B86648,TPP
C81640,EMIS
C82120,TPP
C84691,TPP
C84704,TPP
C88070,EMIS
E82050,EMIS
E85054,TPP
G82161,EMIS
G85053,EMIS
H81086,EMIS
F82661,EMIS
F84114,EMIS
F84694,EMIS
G85032,EMIS
H81076,EMIS
J82106,EMIS
J82196,EMIS
K83620,TPP
M81064,EMIS
M82057,EMIS
M83026,TPP
N83006,EMIS
P81180,EMIS
P92004,EMIS
Y02466,EMIS
Y02686,TPP
A81044,TPP
A87017,TPP
A87615,EMIS
B81095,TPP
B85048,TPP
C83641,TPP
C84031,TPP
E82073,EMIS
E84008,EMIS
E85719,TPP
F81038,TPP
F81152,TPP
H81043,EMIS
G85123,EMIS
G85138,EMIS
H82098,TPP
J82016,EMIS
K82012,EMIS
K82026,TPP
L83011,TPP
L83094,EMIS
N81041,TPP
N81096,EMIS
Y05826,EMIS
A83023,TPP
B86100,TPP
C81023,TPP
D82026,TPP
D82027,TPP
D83045,TPP
E81615,TPP
G81036,EMIS
H81126,EMIS
H83005,EMIS
H85100,EMIS
J82150,TPP
K84035,EMIS
M82009,EMIS
M83143,EMIS
M86019,EMIS
M92630,EMIS
N81012,TPP
N82106,EMIS
Y02594,EMIS
Y02946,EMIS
E83013,EMIS
B81011,TPP
C81021,TPP
C81026,TPP
C81653,TPP
C84628,EMIS
E81074,TPP
E81617,TPP
E86009,EMIS
F81159,TPP
J81053,TPP
L82622,EMIS
M83068,EMIS
M85174,EMIS
N81068,EMIS
P84678,EMIS
P86009,EMIS
Y01165,EMIS
Y02442,TPP
A87019,EMIS
B81013,TPP
B81014,TPP
B86004,TPP
C84140,TPP
C85023,TPP
D82025,TPP
D83019,TPP
E85118,TPP
E85707,TPP
F85004,EMIS
E87637,TPP
F83005,EMIS
F84658,EMIS
G82158,EMIS
G85021,EMIS
G85085,EMIS
H82091,EMIS
J82062,EMIS
J82090,TPP
J83050,TPP
M83625,EMIS
N81097,EMIS
N81628,TPP
N82081,EMIS
N82651,EMIS
N84018,EMIS
P85013,EMIS
P89023,EMIS
P92017,EMIS
Y02575,EMIS
Y05363,TPP
A81037,TPP
A83637,TPP
A86022,EMIS
B83614,TPP
C81044,TPP
C84664,TPP
C84679,TPP
C86606,EMIS
D82017,TPP
E84009,EMIS
G82180,EMIS
F81205,TPP
G85708,EMIS
J81033,TPP
K81056,EMIS
M83044,EMIS
N85015,EMIS
P81077,EMIS
P81704,EMIS
Y00155,TPP
A83024,TPP
A89021,EMIS
C81661,TPP
C82656,TPP
D82023,TPP
D83020,TPP
D83610,TPP
F81115,TPP
F86057,EMIS
G83673,EMIS
H81064,EMIS
H85035,EMIS
H85052,EMIS
J81087,TPP
J82050,EMIS
J82145,EMIS
J82630,EMIS
J83059,TPP
K81645,EMIS
K83064,EMIS
L81007,EMIS
M83020,EMIS
M85027,EMIS
N81063,EMIS
N81102,EMIS
P81070,EMIS
P81117,EMIS
P87624,EMIS
P92005,TPP
P92021,EMIS
Y01011,TPP
A88601,EMIS
B82004,TPP
B85021,TPP
B85611,EMIS
C82600,EMIS
C84705,TPP
E82058,TPP
E85028,TPP
E85066,TPP
E87720,TPP
F84039,EMIS
G81016,EMIS
G83024,CEGEDIM
G84011,EMIS
G85722,EMIS
H81016,EMIS
H81072,TPP
K84038,EMIS
L81127,EMIS
L85066,EMIS
M82019,EMIS
M82040,EMIS
M91637,EMIS
N81029,EMIS
N81039,EMIS
N82676,EMIS
Y01066,EMIS
A82617,EMIS
A83007,TPP
A86008,EMIS
B82079,EMIS
B82081,EMIS
C81073,TPP
C82002,TPP
C82032,TPP
E86610,EMIS
F81100,TPP
G81044,TPP
G82074,EMIS
H81099,EMIS
H81113,TPP
J81072,TPP
J82663,EMIS
M83057,EMIS
M83072,EMIS
M91033,EMIS
N81018,EMIS
N83026,EMIS
P84068,EMIS
P86019,EMIS
P87613,EMIS
P92630,EMIS
Y02332,TPP
Y05330,EMIS
B81082,EMIS
B82014,TPP
C82028,TPP
C88084,TPP
D81045,EMIS
D83080,TPP
E85121,TPP
E85663,TPP
F81017,EMIS
F83063,EMIS
F84086,EMIS
F86058,EMIS
G82097,EMIS
G82125,EMIS
H84034,EMIS
J82076,TPP
J83633,TPP
K81039,EMIS
K81073,EMIS
L81041,EMIS
M83027,EMIS
M85158,EMIS
N83603,EMIS
N84016,EMIS
P84689,EMIS
A87009,TPP
E83012,EMIS
E85074,TPP
E87052,TPP
F81060,TPP
F81114,TPP
F82042,EMIS
F85701,EMIS
F86012,EMIS
F86042,EMIS
G82147,EMIS
H85051,EMIS
J82156,EMIS
J83026,TPP
K81636,EMIS
K82031,EMIS
L83087,EMIS
M81038,EMIS
M83011,EMIS
M85005,EMIS
N82668,EMIS
P81025,EMIS
P81032,EMIS
P84683,EMIS
Y03656,EMIS
A82019,EMIS
A83060,TPP
A84034,EMIS
A85617,EMIS
B81092,EMIS
B83028,TPP
B86051,TPP
C88047,TPP
D81078,TPP
D81085,TPP
D82087,TPP
E82661,TPP
E83006,EMIS
F84083,EMIS
G82691,EMIS
H81658,EMIS
H82060,TPP
J82058,EMIS
K82023,EMIS
L81004,EMIS
L81023,EMIS
M89008,TPP
M92016,EMIS
N82018,EMIS
N82087,EMIS
N85648,EMIS
Y05346,TPP
A81610,TPP
B87042,TPP
C81030,TPP
C83079,TPP
C86029,TPP
C88019,EMIS
D83079,TPP
D83084,TPP
E85007,TPP
E85129,TPP
E87063,TPP
F85640,EMIS
F86679,EMIS
G81098,EMIS
G83066,EMIS
H83034,EMIS
H84053,EMIS
L81075,EMIS
L83025,TPP
L85015,EMIS
M83069,EMIS
M84025,EMIS
M88612,TPP
Y02960,EMIS
A83075,TPP
A83619,TPP
A87005,TPP
A88008,EMIS
B82029,TPP
C81099,TPP
C81616,TPP
C82022,TPP
C85016,EMIS
C86003,TPP
C86018,TPP
E85113,TPP
F81213,EMIS
F82675,EMIS
F83022,EMIS
F84050,EMIS
J82094,EMIS
J82152,EMIS
J82213,EMIS
K84016,EMIS
L83023,EMIS
L83053,TPP
M92029,EMIS
N81035,EMIS
N81059,TPP
N82669,EMIS
N83035,EMIS
N83628,EMIS
P87019,EMIS
P92605,EMIS
A85014,EMIS
B81064,TPP
B83604,TPP
C82009,EMIS
E81043,TPP
E85116,TPP
G85039,EMIS
F81632,TPP
G81012,EMIS
G82888,EMIS
J82042,EMIS
K81045,EMIS
K83020,TPP
K83040,TPP
L83128,TPP
L84053,TPP
M81070,EMIS
M83070,EMIS
M86014,EMIS
N82019,EMIS
N84007,EMIS
P81143,EMIS
P85608,EMIS
P86005,EMIS
A85023,EMIS
A86006,TPP
B86110,EMIS
C84112,TPP
C88039,TPP
E85056,TPP
E85692,TPP
E85694,TPP
F81052,EMIS
F81656,TPP
G82631,EMIS
G85698,EMIS
J82053,EMIS
L84032,TPP
M84041,EMIS
M86039,EMIS
M89009,TPP
M91029,EMIS
N81061,EMIS
P81732,EMIS
Y00033,TPP
C84021,TPP
E82105,EMIS
E83026,EMIS
E86036,EMIS
F81021,EMIS
F84669,EMIS
F86087,EMIS
F86088,EMIS
G82698,EMIS
L81065,TPP
L84606,EMIS
M81029,EMIS
M85055,EMIS
M87037,EMIS
N82633,EMIS
P81031,EMIS
P81755,EMIS
P84004,EMIS
P84012,EMIS
Y02325,EMIS
A83054,TPP
A89002,EMIS
B81045,TPP
B87044,EMIS
C83080,TPP
E82074,TPP
E85130,TPP
E86609,EMIS
F84656,EMIS
G81024,TPP
H83016,EMIS
J82026,EMIS
J82063,EMIS
L81132,TPP
L83034,TPP
L84003,TPP
M83089,EMIS
P81159,EMIS
P81620,EMIS
P81735,EMIS
P82023,EMIS
P87620,CEGEDIM
Y01839,EMIS
B81606,TPP
B85044,TPP
C84063,TPP
C85005,TPP
C85006,EMIS
C87012,TPP
C88046,TPP
D81084,TPP
E83046,EMIS
F81045,TPP
F81725,TPP
G82215,EMIS
G85034,EMIS
H83028,EMIS
J83019,TPP
J83027,TPP
J83043,TPP
K84008,EMIS
L84613,TPP
M83691,EMIS
N82001,EMIS
P84672,EMIS
P91604,EMIS
P92639,TPP
Y01118,TPP
A85008,EMIS
B81631,EMIS
B85038,TPP
B87016,TPP
C83073,TPP
C84059,TPP
D81015,TPP
D83004,TPP
D83075,TPP
G83019,EMIS
G85029,EMIS
G83029,EMIS
G83651,EMIS
J83603,EMIS
L81046,EMIS
M85730,EMIS
N81623,EMIS
N82104,EMIS
P83612,EMIS
P86022,EMIS
Y01090,EMIS
Y02605,EMIS
A82035,EMIS
A83052,TPP
B81006,TPP
B83045,TPP
B83055,TPP
C82676,TPP
C86621,TPP
C87608,TPP
D83023,TPP
E81069,TPP
E85748,TPP
F85687,EMIS
F81024,TPP
F81041,TPP
F84677,EMIS
F86011,EMIS
G82117,EMIS
G82217,EMIS
H81034,EMIS
H82640,TPP
H85618,EMIS
J81077,TPP
J81631,TPP
K82016,TPP
K82066,EMIS
M81037,EMIS
M82026,EMIS
M83680,EMIS
M88645,EMIS
N81637,EMIS
N85051,EMIS
A81032,TPP
A82075,EMIS
A89616,EMIS
B83034,TPP
B83063,TPP
B85027,EMIS
C83059,TPP
D82051,TPP
D83073,TPP
E82090,TPP
E85625,TPP
F82055,EMIS
G82138,EMIS
G82809,EMIS
H84040,EMIS
L81125,EMIS
L84031,TPP
L85040,EMIS
M82041,EMIS
M83052,EMIS
M83113,EMIS
M84016,EMIS
M84065,EMIS
M85008,EMIS
M85156,EMIS
M86035,EMIS
M87016,EMIS
P83621,EMIS
P87654,EMIS
A82014,EMIS
B84009,TPP
B85002,TPP
C82046,TPP
C88095,TPP
E84036,EMIS
F81051,TPP
F81090,EMIS
F83623,EMIS
F84711,EMIS
G82122,EMIS
H85037,EMIS
J83618,TPP
K81027,CEGEDIM
K82036,EMIS
K83012,TPP
L84049,TPP
M83012,EMIS
M83632,EMIS
M86032,EMIS
M87601,EMIS
M88008,TPP
Y02571,EMIS
Y07274,EMIS
A84025,TPP
B83661,TPP
C81118,TPP
C82075,TPP
C84017,TPP
C88051,TPP
D82036,TPP
E81061,TPP
E85046,TPP
F83019,EMIS
F85066,EMIS
F86616,EMIS
H81110,EMIS
H83044,EMIS
H85020,EMIS
H85693,EMIS
J82194,TPP
J83048,TPP
K84046,EMIS
L81064,TPP
L83101,EMIS
M85009,EMIS
M85069,TPP
M85680,EMIS
M87612,EMIS
P84065,EMIS
P84066,EMIS
Y03079,EMIS
C83065,TPP
C84624,TPP
C86609,TPP
D82037,EMIS
E82049,EMIS
E82098,EMIS
F81061,TPP
F81708,TPP
G82682,EMIS
G83635,EMIS
H83020,EMIS
K84043,EMIS
L83036,TPP
M81074,EMIS
P81103,EMIS
P89026,EMIS
Y00286,TPP
Y00399,TPP
Y06443,TPP
A82041,EMIS
A82631,EMIS
B82050,TPP
C82026,TPP
C83037,TPP
C83049,TPP
D81003,TPP
D81021,TPP
F81098,TPP
F84088,EMIS
F86666,EMIS
G85102,EMIS
H83006,EMIS
H84025,EMIS
K82022,EMIS
K82046,EMIS
L83129,TPP
M91616,EMIS
M92039,EMIS
P81133,EMIS
P81166,EMIS
P92012,TPP
Y02423,EMIS
B84004,TPP
B84010,TPP
C82021,TPP
C82124,TPP
D81633,TPP
E85623,TPP
F81087,TPP
F81095,TPP
G82658,EMIS
F81713,TPP
G85001,EMIS
J81025,TPP
L81083,EMIS
L83098,EMIS
M83024,EMIS
M85179,EMIS
M85756,EMIS
M92013,EMIS
N81092,EMIS
N82655,EMIS
N85016,EMIS
N85617,EMIS
P82009,EMIS
P85005,EMIS
A82004,EMIS
A82062,EMIS
A83049,TPP
B84021,TPP
C82040,TPP
A84037,TPP
E86033,EMIS
F84051,EMIS
F86650,EMIS
G82057,EMIS
G84023,EMIS
H82050,EMIS
H84016,EMIS
K81052,TPP
L83003,TPP
M83123,EMIS
M88630,TPP
M89027,TPP
P84024,EMIS
Y02790,EMIS
E83638,EMIS
A81621,TPP
B83620,TPP
B84618,TPP
B86678,TPP
C83024,TPP
C87013,TPP
D82020,TPP
E82021,EMIS
E82043,EMIS
E82652,EMIS
E87026,TPP
F81067,TPP
G81102,EMIS
J82112,EMIS
K81026,EMIS
K83050,EMIS
K84034,EMIS
L81067,EMIS
L84051,TPP
M81027,EMIS
M83013,EMIS
M84069,EMIS
M85058,EMIS
M89013,TPP
M91639,EMIS
N82113,EMIS
P81003,EMIS
P85003,EMIS
Y01655,EMIS
Y02974,EMIS
A85004,EMIS
B85032,TPP
C81035,TPP
D81073,TPP
D83018,TPP
E81631,TPP
E84031,EMIS
F81030,TPP
F81118,EMIS
G82093,EMIS
H82058,TPP
H82096,EMIS
L83026,TPP
M84012,EMIS
M85107,TPP
M85701,EMIS
M87010,EMIS
M88014,TPP
Y00612,EMIS
Y02342,TPP
Y02663,EMIS
B85652,TPP
B86052,TPP
B86109,TPP
C82634,TPP
C84077,TPP
E81005,TPP
E81612,TPP
E82086,TPP
E85053,TPP
E85699,TPP
G85696,EMIS
K81004,EMIS
K82079,EMIS
M81005,EMIS
M85094,EMIS
M85154,EMIS
P82625,EMIS
Y03063,EMIS
A83073,TPP
B86029,TPP
B87025,TPP
C82620,TPP
C83038,EMIS
C83060,TPP
C83626,TPP
C84045,TPP
D81630,TPP
D82043,TPP
D82080,TPP
D83027,TPP
E83034,EMIS
E85745,TPP
G82687,EMIS
G81003,EMIS
H81021,EMIS
H81025,EMIS
J81030,TPP
J82020,EMIS
J83002,TPP
K82028,EMIS
L82012,TPP
L83005,TPP
L84014,TPP
L84046,TPP
M81048,EMIS
M83097,EMIS
M86605,EMIS
M87017,EMIS
N81123,EMIS
N83621,EMIS
N83624,EMIS
P81082,EMIS
P81112,EMIS
P91012,EMIS
P91617,EMIS
Y00758,TPP
Y05248,TPP
A88013,EMIS
A89005,EMIS
C86626,EMIS
C88035,EMIS
E83039,EMIS
E84066,EMIS
E85617,TPP
G82020,EMIS
G82052,EMIS
F81088,TPP
F81181,TPP
F85034,EMIS
H81017,EMIS
H85026,EMIS
J82009,TPP
K84001,EMIS
L85019,EMIS
M85024,EMIS
M85123,EMIS
N81090,EMIS
N83610,EMIS
Y06792,TPP
A85611,EMIS
A89017,EMIS
B86066,TPP
E84014,EMIS
E85018,TPP
F83048,EMIS
F83666,EMIS
F84681,EMIS
F86644,EMIS
G85685,EMIS
H83051,EMIS
J82114,TPP
L82022,EMIS
L84078,TPP
M83117,EMIS
M85066,TPP
M87027,EMIS
N82041,EMIS
P81721,EMIS
A81005,TPP
B82037,TPP
C81032,TPP
C82077,TPP
C84051,TPP
C88087,TPP
C88091,EMIS
D82045,TPP
E81063,TPP
E84044,EMIS
E85038,TPP
F82642,EMIS
F84018,EMIS
G84018,EMIS
K83019,TPP
K84047,EMIS
L81018,EMIS
L81103,EMIS
L83040,EMIS
M85167,TPP
M88003,TPP
M89003,TPP
N83028,EMIS
P84027,EMIS
P84644,EMIS
P91004,EMIS
B82628,TPP
B83012,TPP
B87028,TPP
C82017,TPP
C82111,TPP
C84122,TPP
C88083,TPP
E82044,TPP
E87065,TPP
F81641,TPP
F83665,EMIS
F85623,EMIS
F85064,EMIS
F86060,EMIS
G82006,EMIS
G83028,EMIS
H82025,TPP
J82082,EMIS
J82089,EMIS
K81094,EMIS
K81610,EMIS
K82007,EMIS
L81078,EMIS
M82616,EMIS
M89002,TPP
M91034,EMIS
N81033,EMIS
N84618,EMIS
P82020,EMIS
P82607,EMIS
Y07275,TPP
A84008,TPP
A88608,EMIS
C83074,TPP
D81012,TPP
D81082,TPP
D83057,TPP
G81051,EMIS
G81061,EMIS
H81084,EMIS
H82038,TPP
K81605,EMIS
K83066,TPP
M83017,EMIS
M83063,EMIS
M83100,EMIS
M86040,EMIS
M92011,EMIS
N82039,EMIS
P81709,EMIS
P85002,EMIS
Y00412,EMIS
Y06378,EMIS
A81006,TPP
B85024,TPP
C81092,EMIS
C83063,EMIS
E82014,EMIS
E82096,EMIS
E82132,TPP
E83030,EMIS
E84061,EMIS
E85122,TPP
E85126,TPP
E86038,EMIS
G82111,EMIS
F82609,EMIS
F83017,EMIS
J84013,TPP
K81078,EMIS
K82603,EMIS
K84020,EMIS
L85043,EMIS
M82030,EMIS
M84018,EMIS
M85739,EMIS
M87638,EMIS
N82059,EMIS
N84037,EMIS
P81020,EMIS
P81726,EMIS
P89613,EMIS
A89617,EMIS
B82008,TPP
C81039,EMIS
C81114,TPP
C85017,TPP
D83040,TPP
E81077,TPP
E83032,EMIS
E84665,EMIS
F82015,EMIS
F84733,EMIS
F85697,EMIS
F86625,EMIS
G83642,EMIS
G85096,EMIS
H82095,TPP
J83058,TPP
M81049,EMIS
M83084,EMIS
M83092,EMIS
N82037,EMIS
P86021,EMIS
B82047,TPP
B82074,TPP
B82101,EMIS
B85646,TPP
C83027,TPP
E81010,TPP
E81033,TPP
E83008,EMIS
E84713,EMIS
E85071,TPP
E85697,TPP
E85740,TPP
F81023,TPP
F81042,EMIS
F81057,TPP
G82056,EMIS
G85651,EMIS
F82030,EMIS
F83015,EMIS
F84720,EMIS
G83654,EMIS
J81647,TPP
J82144,EMIS
K83018,EMIS
K84610,EMIS
L82029,EMIS
M84024,EMIS
M88002,TPP
M88044,TPP
M91614,EMIS
Y03595,TPP
Y04662,TPP
A83616,TPP
B85055,TPP
C81010,TPP
C81018,EMIS
D83002,TPP
E85042,TPP
E85091,TPP
F82011,EMIS
F85700,EMIS
K82610,TPP
K82618,EMIS
L81061,EMIS
L83663,TPP
M82058,EMIS
M86028,EMIS
N83635,EMIS
P83021,EMIS
P84038,EMIS
P85021,EMIS
P92007,TPP
Y00110,EMIS
A82009,EMIS
C82056,TPP
C82624,TPP
C85007,EMIS
C88016,TPP
D82039,TPP
E84049,EMIS
E85051,TPP
E87070,TPP
G82090,EMIS
G81043,EMIS
G84013,EMIS
G84033,EMIS
H81088,EMIS
J83011,TPP
J83034,TPP
L81015,EMIS
L83008,TPP
L83127,TPP
M83014,EMIS
N85024,EMIS
P82030,EMIS
P88024,EMIS
Y00140,EMIS
A83003,EMIS
A84036,TPP
B83030,TPP
B84008,TPP
B85060,TPP
C82029,TPP
C82651,TPP
C83082,TPP
C88054,EMIS
D83044,TPP
E81037,TPP
E82078,EMIS
E87034,TPP
K83028,EMIS
F82003,EMIS
H84020,EMIS
J82072,EMIS
J82084,EMIS
J83609,TPP
J84016,TPP
K82025,TPP
K83081,TPP
K83625,EMIS
L82039,EMIS
L83105,TPP
M83015,EMIS
P81017,EMIS
P82007,TPP
P88005,EMIS
P88606,EMIS
Y00902,TPP
Y03296,EMIS
B82026,TPP
B85659,TPP
C85010,TPP
E83621,EMIS
E85024,TPP
E86017,EMIS
G85041,EMIS
F81097,TPP
F82634,EMIS
F83056,EMIS
F86009,EMIS
G82024,EMIS
G83052,EMIS
G85119,EMIS
G85681,EMIS
H83009,EMIS
L83639,TPP
M85684,EMIS
M87026,EMIS
M88628,TPP
P81051,EMIS
P81646,EMIS
P91029,EMIS
P92014,EMIS
A82015,EMIS
A86021,EMIS
B87027,TPP
E85050,TPP
E85725,TPP
F82006,EMIS
H81111,EMIS
H82023,EMIS
K82048,EMIS
L84009,TPP
M82060,EMIS
M83061,EMIS
P81155,EMIS
P87004,EMIS
P87630,EMIS
Y02875,EMIS
Y04995,TPP
A81622,TPP
A82045,EMIS
A82068,EMIS
A82072,EMIS
A83013,TPP
A85026,EMIS
A86018,TPP
B82023,TPP
B83005,TPP
B84613,TPP
B87015,TPP
C82631,TPP
D82050,TPP
D83033,EMIS
E84693,EMIS
G81641,EMIS
H81081,EMIS
H81107,EMIS
H81618,EMIS
J82039,TPP
K82040,EMIS
L83029,EMIS
L85611,EMIS
M84002,EMIS
M84627,EMIS
M85679,EMIS
M89007,TPP
M91003,EMIS
N81075,EMIS
N82083,EMIS
N82645,EMIS
N83002,EMIS
N83023,EMIS
P81039,EMIS
A83074,TPP
A83627,TPP
A86029,EMIS
B84012,TPP
C82082,TPP
C83014,TPP
D81645,TPP
E82071,EMIS
E85103,TPP
F81684,TPP
F83686,EMIS
F84016,EMIS
F86705,EMIS
G85091,EMIS
H82016,TPP
H84033,EMIS
J81011,TPP
J81081,TPP
J82064,EMIS
K83006,TPP
L81033,EMIS
M82024,EMIS
M88616,TPP
N81081,EMIS
N83003,EMIS
P81083,EMIS
Y02521,EMIS
Y05317,EMIS
A84026,TPP
B81101,TPP
B83029,TPP
C82678,TPP
C84106,TPP
C86034,EMIS
C88069,TPP
E85061,TPP
F81055,TPP
F81729,TPP
F83007,EMIS
F84647,EMIS
H82033,TPP
H83004,EMIS
J81027,TPP
K82055,EMIS
L82051,TPP
L84024,EMIS
M84022,EMIS
N82093,EMIS
P81047,EMIS
P81059,EMIS
P81149,EMIS
P81736,EMIS
P84605,EMIS
P92003,EMIS
Y00056,TPP
B85010,EMIS
B87011,TPP
C83649,TPP
D81625,TPP
D82624,TPP
E81001,TPP
E81007,TPP
G85016,EMIS
F86637,EMIS
G82225,EMIS
G85674,EMIS
J82147,EMIS
K82074,TPP
L83628,TPP
P81172,EMIS
P82029,EMIS
P91020,EMIS
Y01690,TPP
P81147,EMIS
A81018,TPP
B82041,TPP
B83660,TPP
B86104,TPP
C84049,TPP
C87007,TPP
D82006,EMIS
E85004,TPP
H81109,EMIS
G81041,EMIS
H81026,EMIS
H81069,EMIS
H84623,EMIS
K81097,EMIS
K82021,EMIS
L85024,EMIS
M83009,EMIS
M87015,EMIS
N82086,EMIS
P84684,EMIS
P89025,EMIS
Y02794,EMIS
A81035,EMIS
B86039,TPP
D81050,TPP
E86024,EMIS
F81032,TPP
F81606,EMIS
F82624,EMIS
F86007,EMIS
F86081,EMIS
G81613,TPP
G84001,EMIS
G85073,EMIS
H82045,EMIS
H85038,EMIS
H85048,EMIS
J81621,TPP
J82143,EMIS
K82049,EMIS
K83007,EMIS
L82018,TPP
L85031,EMIS
M83076,EMIS
M83709,EMIS
M85046,TPP
M85178,TPP
M85713,EMIS
M88015,TPP
N83032,EMIS
N85616,EMIS
P81015,EMIS
P81186,EMIS
P81780,EMIS
P84665,EMIS
P88031,EMIS
Y01051,EMIS
Y01206,EMIS
B82078,TPP
B85025,TPP
B86006,TPP
D81056,EMIS
D81059,TPP
D82068,EMIS
F85650,EMIS
F86712,EMIS
J81646,TPP
J83625,TPP
K83055,TPP
L83648,EMIS
L84029,TPP
M84047,EMIS
M84070,EMIS
M85770,EMIS
M85781,EMIS
P81748,EMIS
P84029,EMIS
P88015,EMIS
B82105,TPP
B86059,EMIS
C81047,TPP
C81072,TPP
C82025,TPP
C88034,TPP
D82040,TPP
D83076,TPP
E81038,TPP
E86030,EMIS
F81170,TPP
J81075,TPP
J82036,EMIS
J82198,EMIS
L81027,TPP
L83099,TPP
M83719,EMIS
M85176,EMIS
N81101,EMIS
N82053,EMIS
N85038,EMIS
P81213,EMIS
A86601,EMIS
A87002,TPP
B81032,TPP
B82097,TPP
B86014,TPP
B86049,EMIS
C82008,TPP
C83058,TPP
C84090,TPP
C84660,TPP
D81607,TPP
F81163,TPP
F81679,TPP
F83632,EMIS
G82113,EMIS
G85135,EMIS
J82151,TPP
J83060,TPP
J84017,TPP
L81014,EMIS
M85693,EMIS
M85706,TPP
P81119,EMIS
P81165,EMIS
P82643,EMIS
P84043,EMIS
A82055,EMIS
A83622,TPP
B87006,TPP
C84151,TPP
C88079,TPP
D81005,TPP
F81732,TPP
H85664,EMIS
J82130,EMIS
K81036,EMIS
K82070,EMIS
L83010,TPP
M83718,EMIS
M83723,TPP
M85108,EMIS
M85124,TPP
M87028,EMIS
N81038,EMIS
Y00542,EMIS
A84032,TPP
A88005,EMIS
B81054,TPP
C82084,TPP
C83046,TPP
D81051,TPP
E84635,EMIS
F82028,EMIS
F84077,EMIS
F84641,EMIS
G81004,EMIS
G81663,TPP
G82160,EMIS
G82170,EMIS
K83030,TPP
K84075,EMIS
M84035,EMIS
M85035,TPP
P81072,EMIS
P81212,EMIS
P85605,EMIS
P86606,EMIS
A81009,TPP
A82058,EMIS
B83026,TPP
B86030,EMIS
B87032,TPP
C82038,TPP
C82051,TPP
C85028,EMIS
D81026,TPP
E82638,TPP
E85718,TPP
F81111,EMIS
F81215,TPP
F82679,EMIS
J82099,EMIS
L82023,EMIS
M82013,EMIS
M82025,EMIS
M83021,EMIS
P81073,EMIS
P82627,EMIS
P87032,EMIS
A82077,EMIS
A83037,TPP
A88010,EMIS
B81088,TPP
C82099,TPP
C82639,TPP
C83043,TPP
D81034,TPP
E85712,TPP
F83034,EMIS
F86082,TPP
H85662,EMIS
K81607,CEGEDIM
K83029,TPP
L81036,EMIS
L85034,EMIS
M82028,EMIS
N81113,EMIS
P82011,EMIS
Y01922,EMIS
A88002,EMIS
B82011,TPP
B82042,TPP
B86061,TPP
B87018,TPP
D83001,TPP
E82017,EMIS
E83600,EMIS
F86025,TPP
G81052,EMIS
H85078,CEGEDIM
J82061,EMIS
L84040,TPP
L84067,TPP
M81020,EMIS
M82005,EMIS
P85020,EMIS
P87658,EMIS
B83621,TPP
B84007,TPP
B85619,TPP
B86064,TPP
C82016,EMIS
C82112,TPP
C82623,TPP
C88090,TPP
E82070,EMIS
E82102,TPP
E87003,TPP
F84054,EMIS
F86022,EMIS
H81038,EMIS
H81074,EMIS
H81091,EMIS
H85075,EMIS
M81026,EMIS
M85175,EMIS
M87621,EMIS
M92028,EMIS
N82089,EMIS
P87027,EMIS
Y01127,TPP
Y02657,EMIS
A81042,TPP
B81041,TPP
B84623,TPP
B87020,TPP
C82061,TPP
C87017,EMIS
E82099,TPP
E83003,EMIS
E85124,TPP
E86028,EMIS
F82034,EMIS
G81030,EMIS
G81646,EMIS
G82763,EMIS
H84015,EMIS
J82056,EMIS
K83044,EMIS
L84043,TPP
M86005,EMIS
M88023,TPP
N81093,EMIS
P83027,EMIS
P87618,EMIS
P92028,EMIS
Y00492,EMIS
Y05750,EMIS
A84014,TPP
B84612,TPP
B85054,TPP
C81082,EMIS
C83072,TPP
C84695,TPP
C86007,TPP
C86032,EMIS
D81602,TPP
D82076,TPP
G82118,EMIS
F85625,EMIS
H81060,EMIS
H84618,EMIS
H85077,EMIS
J81018,TPP
J82049,EMIS
K81066,EMIS
L83068,TPP
M85732,EMIS
M86027,EMIS
M91629,EMIS
N81030,EMIS
N81050,EMIS
P85606,EMIS
P88625,EMIS
Y00726,EMIS
A81043,EMIS
A82027,EMIS
B82022,TPP
B85645,TPP
B86042,TPP
C84658,TPP
C84667,TPP
C87009,TPP
D82104,EMIS
E82083,EMIS
E85041,TPP
E87013,TPP
F81121,TPP
G82205,EMIS
H82088,TPP
H85041,EMIS
L83095,TPP
M83140,EMIS
M84037,EMIS
M92041,EMIS
N81651,EMIS
N85032,EMIS
P84645,EMIS
Y01695,EMIS
A81011,TPP
A81070,TPP
A83057,TPP
A89001,EMIS
B81090,TPP
B85018,TPP
B85020,TPP
B86017,TPP
B87003,TPP
C88059,TPP
D81629,TPP
F81027,TPP
G82031,EMIS
F84006,EMIS
H84619,EMIS
H85082,EMIS
J81616,TPP
J83629,TPP
K81028,EMIS
K83056,TPP
K83076,TPP
L81012,EMIS
L83103,EMIS
L85017,EMIS
L85021,EMIS
M81002,EMIS
M83090,EMIS
M84051,EMIS
M85155,EMIS
M92002,EMIS
N81074,EMIS
Y00026,TPP
Y01948,TPP
B81023,TPP
B85015,TPP
B86675,TPP
C82095,TPP
C82642,TPP
D81611,TPP
E82094,EMIS
F83003,EMIS
F86696,EMIS
G82729,EMIS
H81004,EMIS
J82060,TPP
J84015,TPP
K84023,EMIS
L84028,TPP
M83018,EMIS
M83062,EMIS
M83616,EMIS
M85078,EMIS
M86008,EMIS
M89005,TPP
M92609,EMIS
N81024,EMIS
N84614,EMIS
P84023,EMIS
P91627,EMIS
P92041,EMIS
Y00090,EMIS
Y01108,TPP
Y02933,EMIS
A86023,TPP
B82106,TPP
B83054,TPP
C81101,TPP
D83024,TPP
E82053,TPP
F81198,TPP
G82142,EMIS
H81638,EMIS
H85009,EMIS
H85047,EMIS
J81045,TPP
J82215,EMIS
J83615,TPP
L81038,EMIS
M83010,EMIS
M83701,EMIS
M91032,EMIS
P86026,EMIS
Y00297,TPP
Y02906,TPP
A88009,EMIS
B86108,TPP
C82097,TPP
C84621,TPP
D82012,TPP
D82013,TPP
E82001,EMIS
E84076,EMIS
E86640,EMIS
F81123,TPP
F82604,EMIS
G81075,TPP
L81029,EMIS
L81044,EMIS
L85052,EMIS
M85076,EMIS
N84613,EMIS
P81757,EMIS
P82010,EMIS
P85017,EMIS
A81060,TPP
B86106,TPP
C81066,TPP
C86605,TPP
D81011,TPP
E84083,EMIS
E87048,TPP
F81147,TPP
F81207,TPP
F84012,EMIS
F84115,EMIS
G82071,EMIS
G82135,EMIS
G82684,EMIS
G85045,EMIS
H82005,TPP
H83611,EMIS
J81002,TPP
J81047,TPP
J81633,TPP
J82136,EMIS
J82142,EMIS
K83017,TPP
L81071,TPP
L81077,EMIS
L81617,TPP
M82039,EMIS
M84003,EMIS
M85082,EMIS
M85671,EMIS
M87602,EMIS
N81619,EMIS
P92001,TPP
P92023,EMIS
Y02212,EMIS
Y02622,EMIS
A83618,TPP
A89041,EMIS
C83075,TPP
C87603,TPP
E87706,TPP
F81072,TPP
G84629,EMIS
F86026,TPP
F86627,EMIS
H81005,EMIS
H81062,EMIS
L81079,EMIS
M82004,EMIS
M85006,EMIS
M91006,EMIS
N81043,EMIS
P81087,EMIS
P81686,EMIS
P85019,EMIS
P88002,EMIS
Y00347,EMIS
Y02494,TPP
A81049,TPP
A82651,EMIS
B81047,TPP
C82073,TPP
C84011,EMIS
C84020,TPP
C84034,TPP
E81003,TPP
E84005,EMIS
E85685,TPP
E87738,TPP
F82647,EMIS
G82086,EMIS
G84007,EMIS
H81044,EMIS
J83021,TPP
L85004,EMIS
M81045,EMIS
M83681,EMIS
M84609,EMIS
N85640,EMIS
P81137,EMIS
P82013,EMIS
P84064,EMIS
P85621,EMIS
Y00568,TPP
Y04925,TPP
A82029,EMIS
A83016,TPP
D82067,TPP
D83005,TPP
E87768,TPP
G85130,EMIS
F81066,TPP
F81112,TPP
F81119,TPP
F86034,EMIS
H81019,EMIS
H82087,EMIS
H83021,EMIS
L81045,TPP
L84027,TPP
M82051,EMIS
M85021,EMIS
M89608,EMIS
N81067,EMIS
P81058,EMIS
Y00561,TPP
Y05412,TPP
A83041,TPP
B87031,TPP
C81012,TPP
C81028,EMIS
C81070,TPP
C84694,TPP
D81064,TPP
E87021,TPP
E87714,TPP
F81122,TPP
F85031,EMIS
G85028,EMIS
H81042,EMIS
F84072,EMIS
G81002,EMIS
J81644,TPP
J82085,TPP
J82622,EMIS
K84007,EMIS
L83627,TPP
M83054,EMIS
N81036,TPP
P82626,EMIS
P84020,EMIS
P87625,EMIS
Y00050,TPP
A86041,EMIS
C88074,TPP
D82096,TPP
D83014,TPP
D83046,TPP
F81176,TPP
F81216,TPP
F83057,EMIS
F84014,EMIS
F84022,EMIS
G82066,EMIS
G84005,EMIS
H81077,EMIS
H81632,EMIS
K82076,TPP
K84014,EMIS
L84045,TPP
L84084,TPP
M84036,EMIS
M88018,TPP
N84029,EMIS
P81095,EMIS
P86014,EMIS
Y01291,EMIS
